Date,Open,High,Low,Close,Adj Close,Volume
2018-03-28,84.209999,87.250000,84.000000,86.889999,72.191650,53300
2018-03-29,87.419998,88.199997,86.820000,87.019997,72.299637,45800
2018-04-02,86.660004,87.300003,82.760002,84.199997,69.956696,58900
2018-04-03,84.290001,87.440002,83.800003,85.690002,71.194641,41500
2018-04-04,84.330002,86.769997,84.199997,85.139999,70.737663,39300
2018-04-05,85.910004,87.790001,85.000000,86.449997,71.826088,29500
2018-04-06,85.830002,87.050003,84.739998,86.559998,71.917465,80800
2018-04-09,86.849998,87.230003,84.639999,85.019997,70.637970,73600
2018-04-10,85.860001,86.269997,84.959999,85.250000,70.829071,23300
2018-04-11,84.930000,85.440002,83.470001,83.720001,69.557884,20800
2018-04-12,84.650002,85.750000,84.269997,84.900002,70.538284,23300
2018-04-13,85.360001,85.360001,83.260002,83.800003,69.624359,34300
2018-04-16,84.230003,85.500000,84.230003,85.320000,70.887222,20000
2018-04-17,85.500000,86.709999,84.800003,85.680000,71.186317,19400
2018-04-18,85.709999,87.519997,85.709999,86.800003,72.116867,30000
2018-04-19,86.559998,89.500000,86.180000,89.339996,74.227203,37100
2018-04-20,88.959999,90.919998,88.959999,90.400002,75.107895,61100
2018-04-23,90.820000,91.779999,90.230003,90.839996,75.473450,41000
2018-04-24,91.379997,92.269997,90.070000,90.410004,75.116211,32100
2018-04-25,91.019997,92.309998,87.550003,88.139999,73.230194,29200
2018-04-26,88.370003,89.250000,87.290001,87.419998,72.632004,24600
2018-04-27,87.610001,88.230003,85.989998,86.139999,71.568512,27500
2018-04-30,86.540001,87.070000,85.510002,85.510002,71.045090,26500
2018-05-01,85.239998,87.790001,83.440002,87.470001,72.673546,23600
2018-05-02,87.300003,90.910004,87.300003,89.199997,74.110901,34700
2018-05-03,88.750000,88.820000,85.699997,86.300003,71.701454,34100
2018-05-04,86.099998,87.910004,86.099998,87.139999,72.399353,19900
2018-05-07,87.419998,89.190002,87.419998,88.449997,73.487755,15500
2018-05-08,88.309998,89.250000,88.059998,88.570000,73.587448,25600
2018-05-09,88.970001,89.449997,88.279999,89.010002,73.953018,41100
2018-05-10,89.500000,91.849998,88.599998,89.660004,74.493065,37300
2018-05-11,90.419998,91.199997,87.379997,88.370003,73.421295,35000
2018-05-14,87.910004,90.150002,87.910004,88.750000,73.736984,22800
2018-05-15,88.580002,91.309998,88.180000,89.559998,74.409988,16100
2018-05-16,89.959999,91.669998,89.900002,91.019997,75.623001,26300
2018-05-17,91.459999,92.709999,91.129997,91.690002,76.179672,22900
2018-05-18,92.349998,92.650002,90.010002,90.709999,75.365456,28300
2018-05-21,91.150002,91.639999,89.510002,91.419998,75.955330,42800
2018-05-22,91.699997,92.830002,91.089996,92.250000,76.644951,47700
2018-05-23,91.930000,92.190002,90.510002,91.059998,75.656250,45400
2018-05-24,91.269997,92.809998,90.370003,92.680000,77.002213,36700
2018-05-25,92.500000,93.510002,91.699997,92.230003,76.628319,22200
2018-05-29,91.639999,93.110001,90.550003,90.970001,75.581474,17200
2018-05-30,91.400002,93.500000,91.400002,92.639999,76.968948,44600
2018-05-31,92.500000,94.139999,91.900002,93.510002,77.691795,40700
2018-06-01,94.360001,94.790001,93.220001,93.879997,77.999222,24400
2018-06-04,94.529999,95.970001,94.349998,94.540001,78.547569,32600
2018-06-05,94.699997,94.949997,92.779999,93.029999,77.292992,36500
2018-06-06,92.750000,93.519997,92.019997,93.339996,77.550575,51500
2018-06-07,93.330002,93.550003,92.349998,92.349998,76.728027,23900
2018-06-08,92.250000,93.120003,91.599998,91.650002,76.146431,20000
2018-06-11,92.050003,92.379997,90.970001,91.889999,76.345848,43900
2018-06-12,91.949997,92.389999,90.760002,91.279999,75.839027,17800
2018-06-13,91.470001,91.660004,89.760002,91.190002,75.764244,51500
2018-06-14,91.029999,91.239998,89.269997,90.669998,75.814430,36700
2018-06-15,90.610001,93.070000,89.559998,92.389999,77.252594,61600
2018-06-18,92.250000,94.070000,92.250000,93.510002,78.189102,25700
2018-06-19,93.000000,94.900002,93.000000,94.290001,78.841324,27900
2018-06-20,94.480003,95.360001,94.190002,95.260002,79.652390,23000
2018-06-21,94.980003,95.860001,93.699997,94.769997,79.242668,27700
2018-06-22,94.300003,95.480003,93.440002,94.379997,78.916565,83700
2018-06-25,94.279999,94.489998,91.660004,92.190002,77.085381,28600
2018-06-26,92.400002,94.120003,90.830002,93.550003,78.222549,32300
2018-06-27,93.620003,93.629997,90.400002,90.589996,75.747536,32800
2018-06-28,90.660004,90.870003,89.709999,89.800003,75.086967,37200
2018-06-29,90.139999,90.389999,89.110001,89.480003,74.819397,37400
2018-07-02,89.129997,92.300003,89.010002,92.099998,77.010132,34500
2018-07-03,92.559998,92.559998,90.690002,91.279999,76.324471,20900
2018-07-05,92.110001,93.720001,91.790001,92.699997,77.511826,36100
2018-07-06,92.699997,93.870003,91.209999,92.940002,77.712509,28900
2018-07-09,93.709999,95.500000,92.419998,94.900002,79.351387,34800
2018-07-10,94.849998,95.660004,93.199997,93.970001,78.573753,34100
2018-07-11,93.169998,95.220001,93.169998,94.449997,78.975082,24500
2018-07-12,94.720001,94.879997,93.669998,93.980003,78.582108,11400
2018-07-13,94.029999,94.519997,93.269997,93.750000,78.389786,14900
2018-07-16,93.680000,94.669998,93.680000,94.500000,79.016907,17200
2018-07-17,94.180000,95.089996,93.620003,93.889999,78.506859,19500
2018-07-18,93.860001,94.830002,93.629997,94.209999,78.774414,30700
2018-07-19,94.320000,95.099998,93.540001,94.750000,79.225952,21700
2018-07-20,94.949997,95.440002,93.059998,95.290001,79.677467,26700
2018-07-23,95.290001,96.940002,94.620003,96.059998,80.321297,26000
2018-07-24,96.599998,98.190002,95.330002,97.129997,81.216019,17900
2018-07-25,96.889999,97.900002,94.949997,97.250000,81.316338,63700
2018-07-26,97.110001,99.110001,95.080002,98.519997,82.378265,28300
2018-07-27,98.519997,99.029999,97.220001,97.639999,81.642441,52000
2018-07-30,97.389999,97.500000,94.660004,94.790001,79.259407,51800
2018-07-31,95.169998,95.169998,93.500000,94.290001,78.841324,34200
2018-08-01,94.480003,95.099998,92.089996,93.050003,77.804474,20000
2018-08-02,92.879997,93.790001,92.860001,93.750000,78.389786,33000
2018-08-03,93.900002,95.199997,92.269997,92.580002,77.411484,30500
2018-08-06,92.300003,92.339996,89.300003,89.610001,74.928093,63300
2018-08-07,89.400002,89.419998,87.949997,88.349998,73.874542,74900
2018-08-08,88.320000,93.239998,88.050003,92.930000,77.704147,62200
2018-08-09,92.250000,93.800003,84.180000,84.279999,70.471390,76100
2018-08-10,84.239998,84.839996,80.870003,81.339996,68.013054,45200
2018-08-13,81.459999,81.459999,78.260002,78.879997,65.956123,62900
2018-08-14,78.809998,79.550003,76.379997,76.910004,64.308907,106500
2018-08-15,76.309998,79.209999,76.250000,76.970001,64.359062,68700
2018-08-16,77.400002,77.779999,75.029999,76.830002,64.241997,81800
2018-08-17,76.510002,77.150002,75.089996,76.730003,64.158394,89900
2018-08-20,76.730003,78.830002,76.680000,78.459999,65.604935,47200
2018-08-21,78.279999,79.180000,76.550003,76.739998,64.166740,45000
2018-08-22,76.800003,81.209999,76.750000,80.750000,67.519730,85200
2018-08-23,80.830002,81.040001,78.989998,80.029999,66.917709,37000
2018-08-24,80.309998,80.309998,79.110001,79.500000,66.474533,66100
2018-08-27,79.629997,80.070000,79.110001,79.139999,66.173515,47900
2018-08-28,79.419998,80.360001,77.269997,77.550003,64.844032,27800
2018-08-29,77.550003,78.559998,77.160004,77.669998,64.944374,28700
2018-08-30,77.430000,78.500000,77.290001,77.529999,64.827309,22200
2018-08-31,77.269997,77.790001,76.800003,77.070000,64.442680,31900
2018-09-04,76.879997,77.779999,76.330002,77.150002,64.509567,51700
2018-09-05,76.699997,77.309998,76.209999,77.099998,64.467766,32100
2018-09-06,77.089996,77.589996,76.059998,76.830002,64.241997,42800
2018-09-07,76.650002,78.599998,76.190002,78.239998,65.420998,37100
2018-09-10,78.559998,80.139999,78.470001,80.000000,66.892609,41800
2018-09-11,79.620003,80.720001,79.500000,79.809998,66.733742,36500
2018-09-12,79.639999,80.050003,78.050003,79.000000,66.056465,27300
2018-09-13,78.930000,78.940002,78.180000,78.500000,66.123848,22700
2018-09-14,78.550003,80.029999,77.580002,78.720001,66.309166,28000
2018-09-17,78.599998,78.750000,77.660004,78.230003,65.896408,24300
2018-09-18,78.400002,79.309998,77.080002,77.099998,64.944580,45900
2018-09-19,77.269997,78.500000,76.459999,77.930000,65.643707,25200
2018-09-20,77.849998,79.370003,77.449997,78.559998,66.174393,29000
2018-09-21,78.580002,80.500000,78.580002,80.320000,67.656898,98500
2018-09-24,79.720001,79.720001,76.360001,77.050003,64.902458,29000
2018-09-25,77.279999,77.470001,75.760002,75.820000,63.866379,30400
2018-09-26,75.959999,76.239998,73.360001,73.900002,62.249062,38900
2018-09-27,73.940002,75.160004,73.349998,73.820000,62.181679,25500
2018-09-28,73.720001,74.370003,72.080002,72.180000,60.800243,76200
2018-10-01,72.239998,73.040001,68.669998,69.300003,58.374302,47600
2018-10-02,69.209999,70.800003,69.089996,70.430000,59.326157,51000
2018-10-03,70.489998,72.080002,69.980003,71.739998,60.429607,31900
2018-10-04,71.660004,71.660004,69.669998,70.779999,59.620968,31400
2018-10-05,70.769997,72.129997,70.099998,70.739998,59.587276,40600
2018-10-08,70.540001,72.550003,70.500000,72.169998,60.791813,19300
2018-10-09,72.150002,72.449997,71.070000,71.070000,59.865250,33600
2018-10-10,71.070000,72.500000,70.720001,70.730003,59.578861,42800
2018-10-11,70.610001,71.910004,70.029999,70.029999,58.989216,28600
2018-10-12,71.050003,71.050003,67.489998,68.989998,58.113174,37000
2018-10-15,68.809998,70.669998,68.809998,69.889999,58.871284,38700
2018-10-16,70.400002,71.769997,69.849998,71.389999,60.134800,31000
2018-10-17,71.260002,71.940002,69.279999,71.250000,60.016857,26300
2018-10-18,71.169998,71.169998,69.099998,69.639999,58.660709,32200
2018-10-19,69.120003,70.220001,66.050003,66.529999,56.041012,50700
2018-10-22,66.550003,67.389999,64.690002,66.970001,56.411648,53700
2018-10-23,66.120003,68.150002,65.639999,67.730003,57.051834,34800
2018-10-24,67.580002,68.760002,66.019997,66.019997,55.611420,56000
2018-10-25,66.349998,68.010002,65.519997,67.900002,57.195023,22400
2018-10-26,66.949997,68.709999,65.709999,67.720001,57.043407,36700
2018-10-29,68.300003,69.000000,66.800003,67.080002,56.504295,31400
2018-10-30,67.180000,68.959999,65.889999,68.760002,57.919426,25500
2018-10-31,69.379997,70.000000,68.309998,69.839996,58.829178,46500
2018-11-01,70.260002,74.190002,69.150002,72.669998,61.212978,44100
2018-11-02,73.019997,73.660004,71.080002,71.800003,60.480167,30600
2018-11-05,71.980003,73.440002,71.190002,72.000000,60.648617,16100
2018-11-06,71.889999,72.760002,71.680000,72.669998,61.212978,9500
2018-11-07,72.669998,72.669998,70.129997,72.129997,60.758133,27800
2018-11-08,73.639999,75.860001,72.000000,75.160004,63.310432,33900
2018-11-09,74.980003,75.480003,72.099998,72.519997,61.086639,31500
2018-11-12,72.449997,72.930000,70.800003,70.800003,59.637814,21000
2018-11-13,71.080002,72.550003,71.080002,71.930000,60.589664,18000
2018-11-14,72.000000,72.809998,67.250000,67.809998,57.119205,51500
2018-11-15,67.720001,68.309998,66.489998,67.209999,56.613811,20500
2018-11-16,67.059998,68.570000,66.750000,67.750000,57.068665,21600
2018-11-19,67.750000,68.650002,66.099998,67.019997,56.453766,46600
2018-11-20,66.489998,67.000000,65.000000,65.010002,54.760662,18400
2018-11-21,65.489998,66.820000,64.550003,65.019997,54.769077,27300
2018-11-23,65.110001,66.919998,65.110001,66.410004,55.939934,9400
2018-11-26,66.959999,68.150002,66.279999,67.690002,57.018135,17300
2018-11-27,67.330002,68.089996,64.510002,65.010002,54.760662,21700
2018-11-28,65.169998,68.839996,63.400002,67.519997,56.874939,43200
2018-11-29,66.930000,67.589996,65.760002,66.029999,55.619843,20800
2018-11-30,66.120003,67.099998,65.239998,66.059998,55.645115,58200
2018-12-03,67.000000,67.019997,64.610001,66.349998,55.889393,38500
2018-12-04,66.349998,66.519997,61.799999,61.830002,52.082012,47800
2018-12-06,61.340000,63.610001,60.799999,63.270000,53.294971,38400
2018-12-07,63.220001,63.220001,59.709999,60.570000,51.020660,24900
2018-12-10,60.770000,61.549999,59.500000,60.790001,51.205967,45500
2018-12-11,61.630001,61.759998,58.340000,59.290001,49.942459,39400
2018-12-12,60.230000,60.330002,58.730000,59.380001,50.018265,58600
2018-12-13,59.060001,59.410000,56.430000,57.209999,48.665730,32300
2018-12-14,56.650002,58.810001,55.639999,57.220001,48.674240,35800
2018-12-17,56.750000,58.590000,56.169998,56.709999,48.240410,38300
2018-12-18,57.270000,58.470001,56.560001,57.930000,49.278198,55200
2018-12-19,58.360001,59.889999,56.430000,56.540001,48.095802,56900
2018-12-20,56.830002,58.520000,56.709999,57.799999,49.167618,69700
2018-12-21,57.740002,59.560001,57.200001,58.810001,50.026775,88200
2018-12-24,58.430000,58.610001,57.029999,57.830002,49.193138,39400
2018-12-26,58.240002,59.740002,56.459999,59.419998,50.545673,43000
2018-12-27,58.570000,60.250000,57.799999,60.119999,51.141132,75200
2018-12-28,60.410000,61.230000,59.500000,61.090000,51.966251,38200
2018-12-31,61.730000,61.730000,59.660000,60.439999,51.413342,27100
2019-01-02,59.529999,62.669998,59.529999,62.669998,53.310284,39200
2019-01-03,62.169998,63.290001,61.799999,62.549999,53.208214,30500
2019-01-04,63.500000,66.220001,63.500000,65.209999,55.470943,28100
2019-01-07,65.220001,66.790001,64.230003,65.760002,55.938805,17200
2019-01-08,66.370003,68.120003,66.370003,67.029999,57.019127,17400
2019-01-09,67.620003,69.220001,67.550003,68.050003,57.886791,18500
2019-01-10,67.900002,69.000000,67.400002,67.709999,57.597569,18600
2019-01-11,67.489998,69.480003,66.970001,68.669998,58.414188,17400
2019-01-14,68.500000,70.540001,68.139999,68.139999,57.963348,27000
2019-01-15,68.410004,69.290001,66.739998,68.570000,58.329121,17900
2019-01-16,68.879997,69.830002,68.250000,69.680000,59.273346,21300
2019-01-17,69.559998,71.800003,69.559998,71.730003,61.017189,36200
2019-01-18,71.790001,73.849998,71.269997,72.330002,61.527576,31200
2019-01-22,71.870003,73.370003,70.000000,70.820000,60.243084,40400
2019-01-23,71.230003,71.910004,70.870003,70.870003,60.285618,15300
2019-01-24,70.889999,70.900002,69.730003,70.570000,60.030434,25300
2019-01-25,70.889999,71.360001,70.309998,70.949997,60.353683,20100
2019-01-28,70.209999,72.070000,69.940002,71.910004,61.170315,30500
2019-01-29,71.870003,73.750000,69.910004,69.910004,59.469009,20200
2019-01-30,70.430000,72.500000,70.430000,72.320000,61.519070,22900
2019-01-31,72.330002,72.330002,70.029999,70.750000,60.183548,30800
2019-02-01,70.639999,72.449997,70.580002,71.779999,61.059708,7900
2019-02-04,71.480003,73.220001,71.089996,72.489998,61.663670,21700
2019-02-05,72.550003,72.870003,71.209999,72.459999,61.638161,11700
2019-02-06,73.199997,73.199997,70.639999,71.379997,60.719460,16000
2019-02-07,72.019997,72.019997,70.559998,70.570000,60.030434,11900
2019-02-08,70.320000,70.930000,67.949997,70.430000,59.911346,25500
2019-02-11,70.550003,70.639999,69.550003,69.550003,59.162762,9000
2019-02-12,69.980003,71.290001,69.209999,70.660004,60.106987,22800
2019-02-13,70.660004,71.309998,70.059998,70.260002,59.766739,23400
2019-02-14,70.010002,70.389999,69.470001,69.510002,59.128731,24400
2019-02-15,69.900002,73.000000,69.860001,72.480003,61.655178,31600
2019-02-19,72.750000,73.760002,71.830002,73.379997,62.420757,24200
2019-02-20,73.470001,73.559998,72.620003,73.239998,62.301662,27500
2019-02-21,73.400002,73.400002,69.190002,71.709999,61.000160,41700
2019-02-22,73.629997,82.349998,72.029999,81.050003,68.945282,104300
2019-02-25,81.980003,84.160004,80.279999,81.070000,68.962257,43200
2019-02-26,81.220001,83.949997,79.949997,82.860001,70.484924,39500
2019-02-27,82.860001,83.160004,81.480003,82.760002,70.399857,24700
2019-02-28,82.250000,83.230003,81.800003,81.870003,69.642761,44800
2019-03-01,82.870003,82.870003,81.239998,82.160004,69.889488,24200
2019-03-04,82.160004,82.750000,80.190002,80.610001,68.570961,29400
2019-03-05,80.389999,80.930000,79.489998,80.519997,68.494415,18200
2019-03-06,80.220001,80.419998,77.650002,77.660004,66.061539,37100
2019-03-07,77.730003,77.860001,75.029999,75.410004,64.147575,20000
2019-03-08,75.349998,76.889999,75.349998,76.500000,65.074776,27500
2019-03-11,76.050003,78.489998,76.010002,77.070000,65.559662,25200
2019-03-12,77.680000,78.339996,76.400002,77.699997,66.095551,18500
2019-03-13,77.889999,78.360001,77.360001,77.730003,66.121078,30400
2019-03-14,76.760002,78.239998,76.760002,78.029999,66.979485,29400
2019-03-15,78.029999,79.610001,77.029999,77.910004,66.876465,80000
2019-03-18,77.980003,79.550003,77.750000,78.050003,66.996651,36500
2019-03-19,78.440002,78.440002,76.000000,76.349998,65.537399,14600
2019-03-20,75.910004,76.820000,74.300003,74.570000,64.009476,29900
2019-03-21,74.239998,75.470001,72.120003,72.449997,62.189693,52200
2019-03-22,72.089996,72.519997,68.150002,69.370003,59.545895,40800
2019-03-25,69.410004,71.699997,69.379997,71.519997,61.391411,39300
2019-03-26,72.150002,73.599998,71.080002,72.550003,62.275543,39000
2019-03-27,73.150002,74.559998,71.959999,73.839996,63.382862,33300
2019-03-28,73.860001,74.470001,71.440002,73.260002,62.884998,37000
2019-03-29,73.750000,74.070000,71.570000,72.430000,62.172539,57300
2019-04-01,73.000000,75.419998,72.540001,74.610001,64.043800,42400
2019-04-02,74.599998,74.599998,72.510002,73.669998,63.236931,76900
2019-04-03,74.150002,75.070000,73.099998,73.980003,63.503048,39100
2019-04-04,73.989998,75.349998,73.989998,74.919998,64.309906,26800
2019-04-05,75.169998,76.000000,74.300003,75.830002,65.091034,44900
2019-04-08,75.540001,76.220001,75.279999,75.559998,64.859261,37600
2019-04-09,75.629997,75.629997,73.900002,74.449997,63.906471,42100
2019-04-10,74.860001,75.739998,74.120003,75.730003,65.005188,61700
2019-04-11,75.940002,77.410004,75.830002,77.029999,66.121078,27200
2019-04-12,77.650002,78.589996,75.699997,76.559998,65.717636,29100
2019-04-15,76.699997,77.410004,74.709999,75.639999,64.927940,47800
2019-04-16,75.620003,77.430000,74.750000,77.190002,66.258446,28000
2019-04-17,77.470001,77.860001,76.220001,77.150002,66.224098,21300
2019-04-18,76.720001,76.720001,74.889999,74.900002,64.292732,24200
2019-04-22,74.879997,74.879997,73.589996,74.220001,63.709038,29000
2019-04-23,73.930000,76.519997,73.930000,75.610001,64.902184,50800
2019-04-24,75.620003,76.860001,74.599998,76.470001,65.640404,29100
2019-04-25,76.529999,76.529999,74.860001,75.470001,64.782021,27100
2019-04-26,75.430000,76.330002,74.760002,76.330002,65.520210,25400
2019-04-29,76.809998,78.589996,76.809998,78.269997,67.185478,50700
2019-04-30,78.370003,78.839996,76.180000,76.480003,65.648987,67200
2019-05-01,76.709999,77.529999,75.879997,77.370003,66.412941,39200
2019-05-02,76.910004,78.120003,75.690002,78.010002,66.962296,40000
2019-05-03,78.120003,81.980003,77.599998,80.750000,69.314270,96600
2019-05-06,80.190002,81.500000,78.860001,79.800003,68.498795,60700
2019-05-07,79.290001,79.760002,77.470001,78.440002,67.331406,50100
2019-05-08,78.239998,78.849998,77.059998,78.400002,67.297058,39100
2019-05-09,77.570000,77.720001,73.639999,74.940002,64.327080,56600
2019-05-10,74.610001,76.349998,74.120003,76.339996,65.528793,23900
2019-05-13,74.830002,76.070000,72.220001,72.769997,62.464382,32100
2019-05-14,73.000000,75.040001,71.970001,73.889999,63.425785,36600
2019-05-15,73.199997,74.839996,72.610001,73.309998,62.927914,29900
2019-05-16,73.540001,74.870003,73.000000,73.709999,63.271263,23000
2019-05-17,73.019997,74.070000,72.029999,72.949997,62.618908,29000
2019-05-20,72.360001,73.459999,72.080002,73.129997,62.773396,31500
2019-05-21,73.650002,75.129997,73.349998,74.720001,64.138222,18000
2019-05-22,74.320000,74.470001,72.839996,73.040001,62.696159,17400
2019-05-23,72.180000,72.180000,70.300003,70.400002,60.430038,23600
2019-05-24,70.849998,71.470001,69.970001,71.440002,61.322742,28500
2019-05-28,71.419998,71.419998,69.099998,69.849998,59.957897,51000
2019-05-29,69.540001,70.959999,69.330002,70.639999,60.636024,27100
2019-05-30,70.779999,71.129997,68.699997,69.709999,59.837734,47600
2019-05-31,68.900002,69.330002,67.260002,68.430000,58.739014,47500
2019-06-03,68.910004,70.339996,68.480003,69.959999,60.052330,37000
2019-06-04,70.639999,72.129997,70.150002,71.820000,61.648933,42700
2019-06-05,71.739998,72.680000,69.410004,69.540001,59.691814,49300
2019-06-06,69.610001,70.550003,68.570000,70.379997,60.412846,28500
2019-06-07,70.629997,70.879997,69.519997,70.360001,60.395687,29200
2019-06-10,70.769997,71.769997,70.769997,70.970001,60.919296,35100
2019-06-11,71.419998,72.580002,70.370003,71.139999,61.065220,24400
2019-06-12,70.970001,71.699997,70.779999,71.669998,61.520176,31400
2019-06-13,71.169998,71.809998,70.610001,71.290001,61.797573,32700
2019-06-14,71.120003,72.459999,70.639999,71.550003,62.022930,47800
2019-06-17,71.709999,72.989998,71.709999,72.300003,62.673069,27000
2019-06-18,72.790001,72.849998,71.059998,71.639999,62.100952,42600
2019-06-19,71.190002,72.760002,71.000000,71.669998,62.126968,52800
2019-06-20,72.050003,72.050003,70.690002,71.239998,61.754219,36700
2019-06-21,71.000000,71.730003,70.279999,70.279999,60.922047,71100
2019-06-24,70.110001,70.419998,68.099998,68.220001,59.136349,43500
2019-06-25,68.250000,68.860001,67.220001,68.120003,59.049664,33700
2019-06-26,68.199997,69.680000,68.199997,68.809998,59.647774,32100
2019-06-27,68.900002,71.889999,68.580002,71.750000,62.196301,56300
2019-06-28,72.129997,73.620003,71.720001,72.660004,62.985142,94400
2019-07-01,73.660004,74.279999,72.080002,72.589996,62.924450,46300
2019-07-02,72.589996,72.900002,70.260002,71.169998,61.693542,42400
2019-07-03,71.459999,72.160004,70.940002,71.410004,61.901581,21500
2019-07-05,71.360001,73.220001,70.489998,73.220001,63.470589,46400
2019-07-08,72.800003,74.099998,72.370003,73.949997,64.103363,57900
2019-07-09,73.680000,74.430000,72.430000,73.190002,63.444572,55900
2019-07-10,73.430000,74.320000,72.739998,73.440002,63.661289,49900
2019-07-11,73.550003,73.980003,72.800003,73.260002,63.505257,45900
2019-07-12,73.669998,75.120003,72.989998,75.019997,65.030899,36400
2019-07-15,75.220001,75.220001,73.639999,74.349998,64.450119,67300
2019-07-16,74.320000,75.160004,73.919998,74.220001,64.337418,31100
2019-07-17,74.169998,74.430000,73.720001,73.889999,64.051376,33800
2019-07-18,73.889999,76.059998,73.860001,75.400002,65.360298,41800
2019-07-19,75.089996,75.599998,73.739998,74.070000,64.207405,40100
2019-07-22,74.220001,74.220001,72.050003,72.330002,62.699081,28300
2019-07-23,72.769997,73.919998,72.150002,73.750000,63.929996,34100
2019-07-24,73.589996,75.489998,73.169998,75.190002,65.178261,33000
2019-07-25,75.000000,75.150002,73.330002,73.510002,63.721966,18800
2019-07-26,73.790001,75.879997,73.690002,75.720001,65.637695,23000
2019-07-29,75.839996,76.919998,75.260002,76.300003,66.140472,33300
2019-07-30,75.620003,78.110001,75.559998,78.000000,67.614120,41800
2019-07-31,77.980003,78.769997,77.269997,77.269997,66.981316,42100
2019-08-01,79.000000,83.550003,78.610001,81.769997,70.882118,79700
2019-08-02,81.720001,81.930000,75.370003,78.309998,67.882820,57100
2019-08-05,77.040001,77.089996,74.529999,76.739998,66.521873,45000
2019-08-06,77.190002,78.330002,75.050003,75.360001,65.325615,57900
2019-08-07,74.389999,75.000000,73.080002,74.919998,64.944214,53600
2019-08-08,75.720001,78.160004,74.919998,77.690002,67.345383,42000
2019-08-09,77.160004,78.540001,76.239998,77.599998,67.267357,36000
2019-08-12,77.370003,77.370003,75.230003,76.269997,66.114471,35400
2019-08-13,76.400002,77.900002,76.400002,76.970001,66.721260,34600
2019-08-14,75.540001,76.050003,74.790001,75.379997,65.342957,52800
2019-08-15,75.660004,76.580002,75.120003,75.389999,65.351639,41600
2019-08-16,76.000000,78.500000,76.000000,77.959999,67.579430,48800
2019-08-19,79.059998,80.160004,78.400002,80.059998,69.399803,54100
2019-08-20,79.900002,80.239998,78.019997,80.070000,69.408470,55500
2019-08-21,80.970001,81.500000,80.029999,81.230003,70.414032,63200
2019-08-22,81.650002,83.129997,81.489998,82.690002,71.679642,42300
2019-08-23,82.120003,82.809998,79.330002,79.800003,69.174423,50400
2019-08-26,80.589996,81.379997,80.040001,81.160004,70.353348,26200
2019-08-27,81.860001,82.080002,79.070000,79.480003,68.897041,45200
2019-08-28,79.110001,81.349998,78.639999,81.180000,70.370674,53100
2019-08-29,82.169998,83.330002,81.720001,82.290001,71.332878,49200
2019-08-30,82.779999,83.620003,81.360001,82.349998,71.384895,54500
2019-09-03,81.900002,81.900002,79.750000,80.080002,69.417145,32700
2019-09-04,80.849998,80.849998,79.099998,79.919998,69.278450,40600
2019-09-05,81.120003,82.760002,80.980003,81.330002,70.500717,42500
2019-09-06,81.190002,82.059998,80.459999,80.570000,69.841904,23100
2019-09-09,81.050003,84.510002,80.500000,83.940002,72.763176,45000
2019-09-10,83.940002,84.580002,83.019997,83.059998,72.000351,50300
2019-09-11,83.790001,85.209999,83.000000,84.529999,73.274620,74900
2019-09-12,84.339996,85.730003,83.610001,85.110001,73.777390,57800
2019-09-13,84.790001,87.669998,84.790001,87.000000,76.041153,98900
2019-09-16,86.559998,87.500000,86.019997,86.269997,75.403091,56200
2019-09-17,85.860001,85.860001,83.730003,84.169998,73.567627,47700
2019-09-18,83.599998,84.349998,81.879997,83.059998,72.597427,60800
2019-09-19,82.650002,85.489998,82.410004,83.199997,72.719803,32700
2019-09-20,83.209999,84.199997,81.639999,81.839996,71.531113,132300
2019-09-23,82.139999,82.750000,80.849998,82.349998,71.976875,54800
2019-09-24,82.150002,84.510002,82.099998,83.519997,72.999504,65800
2019-09-25,83.339996,85.239998,82.790001,84.610001,73.952194,50400
2019-09-26,84.320000,84.449997,83.089996,83.199997,72.719803,37900
2019-09-27,83.290001,83.599998,81.570000,82.120003,71.775848,33400
2019-09-30,82.690002,82.690002,81.139999,81.660004,71.373802,35400
2019-10-01,82.089996,83.449997,80.779999,80.790001,70.613380,71100
2019-10-02,80.139999,80.949997,79.389999,79.930000,69.861717,37800
2019-10-03,79.720001,80.099998,78.529999,79.480003,69.468399,34500
2019-10-04,79.650002,81.029999,79.610001,80.959999,70.761963,37900
2019-10-07,80.589996,81.989998,80.099998,81.209999,70.980469,31500
2019-10-08,80.449997,81.180000,79.250000,80.870003,70.683304,43600
2019-10-09,81.660004,81.800003,78.879997,80.129997,70.036530,27100
2019-10-10,80.500000,81.680000,79.940002,80.440002,70.307472,45900
2019-10-11,81.900002,82.900002,81.889999,81.889999,71.574837,27600
2019-10-14,81.730003,82.449997,80.910004,81.889999,71.574837,63500
2019-10-15,82.089996,83.889999,81.639999,83.680000,73.139359,24300
2019-10-16,83.470001,84.339996,82.879997,83.760002,73.209267,21400
2019-10-17,84.209999,85.120003,83.949997,84.769997,74.092041,39600
2019-10-18,84.370003,85.410004,84.370003,85.059998,74.345505,23900
2019-10-21,85.699997,86.949997,85.290001,86.279999,75.411842,32700
2019-10-22,86.169998,86.970001,85.410004,85.410004,74.651436,29300
2019-10-23,85.379997,85.900002,84.360001,84.639999,73.978401,14400
2019-10-24,84.839996,84.839996,83.559998,84.190002,73.585114,29000
2019-10-25,84.129997,85.199997,83.629997,84.360001,73.733688,16500
2019-10-28,84.690002,85.980003,84.690002,85.330002,74.581512,17700
2019-10-29,85.239998,85.660004,84.610001,84.980003,74.275597,15200
2019-10-30,84.529999,84.870003,82.699997,84.570000,73.917236,22500
2019-10-31,84.349998,84.870003,82.809998,84.690002,74.022118,28800
2019-11-01,85.080002,86.790001,84.750000,86.620003,75.709007,32500
2019-11-04,87.230003,88.459999,86.809998,87.650002,76.609276,26300
2019-11-05,87.870003,88.419998,87.110001,87.349998,76.347054,43900
2019-11-06,86.000000,86.180000,81.139999,81.680000,71.391273,58000
2019-11-07,82.250000,85.300003,82.250000,83.250000,72.763519,64900
2019-11-08,83.099998,84.589996,82.330002,83.900002,73.331612,38400
2019-11-11,83.400002,83.400002,81.400002,81.949997,71.627258,35600
2019-11-12,82.000000,82.970001,81.480003,81.889999,71.574837,31000
2019-11-13,81.529999,83.139999,81.000000,82.339996,71.968140,75700
2019-11-14,82.019997,82.750000,81.550003,82.050003,71.714676,53400
2019-11-15,82.519997,83.290001,81.110001,82.680000,72.265312,78100
2019-11-18,83.040001,83.699997,82.300003,83.029999,72.571228,38500
2019-11-19,83.260002,83.750000,82.389999,82.940002,72.492569,37700
2019-11-20,82.589996,83.379997,81.040001,81.059998,70.849365,47800
2019-11-21,81.250000,81.709999,80.459999,80.860001,70.674561,54300
2019-11-22,81.019997,81.510002,80.800003,81.169998,70.945518,33500
2019-11-25,81.500000,83.930000,81.459999,83.570000,73.043198,38100
2019-11-26,83.629997,83.959999,82.540001,82.540001,72.142937,21900
2019-11-27,82.800003,83.099998,82.129997,82.290001,71.924431,32100
2019-11-29,82.199997,83.480003,81.760002,83.050003,72.588715,15000
2019-12-02,83.110001,83.110001,81.349998,81.400002,71.146545,41500
2019-12-03,80.690002,81.309998,80.120003,81.089996,70.875587,37700
2019-12-04,81.529999,82.910004,80.919998,82.129997,71.784592,34500
2019-12-05,82.410004,83.199997,81.599998,82.769997,72.343971,82600
2019-12-06,83.839996,84.120003,82.320000,82.580002,72.177910,63200
2019-12-09,82.510002,83.000000,82.000000,82.360001,71.985619,48500
2019-12-10,81.889999,82.930000,81.629997,82.269997,71.906944,50900
2019-12-11,82.410004,83.500000,81.860001,83.099998,72.632393,75000
2019-12-12,83.220001,83.769997,82.410004,83.080002,72.614929,58200
2019-12-13,82.339996,82.440002,80.680000,81.279999,71.645317,47100
2019-12-16,81.919998,82.529999,81.730003,82.239998,72.491508,69600
2019-12-17,82.470001,83.949997,82.250000,83.849998,73.910675,87100
2019-12-18,84.150002,85.580002,83.989998,84.830002,74.774506,46200
2019-12-19,85.269997,86.300003,85.010002,86.139999,75.929214,69400
2019-12-20,86.500000,86.639999,85.849998,86.379997,76.140762,112100
2019-12-23,86.550003,87.000000,83.449997,84.760002,74.712807,58600
2019-12-24,84.919998,85.019997,84.199997,84.199997,74.219193,33400
2019-12-26,84.370003,85.000000,84.279999,84.739998,74.695190,33600
2019-12-27,85.000000,85.000000,83.730003,84.230003,74.245621,27700
2019-12-30,84.169998,84.589996,83.260002,83.989998,74.034073,43700
2019-12-31,83.830002,84.570000,83.449997,83.500000,73.602165,27100
2020-01-02,83.769997,83.769997,82.129997,83.370003,73.487579,33600
2020-01-03,82.290001,83.519997,82.290001,83.320000,73.443504,30500
2020-01-06,82.739998,83.790001,82.459999,83.400002,73.514015,24600
2020-01-07,83.129997,83.470001,82.559998,83.089996,73.240768,26300
2020-01-08,82.949997,83.620003,82.559998,82.959999,73.126167,60100
2020-01-09,83.370003,83.629997,82.010002,82.500000,72.720703,50600
2020-01-10,82.330002,82.660004,81.510002,82.120003,72.385742,30900
2020-01-13,82.059998,82.339996,81.570000,82.220001,72.473892,23800
2020-01-14,82.059998,82.529999,81.629997,81.809998,72.112480,25200
2020-01-15,81.580002,82.220001,81.269997,82.129997,72.394547,30100
2020-01-16,82.730003,83.730003,82.470001,83.550003,73.646240,26200
2020-01-17,84.129997,84.129997,82.370003,82.699997,72.896988,24300
2020-01-21,82.430000,82.449997,81.510002,81.849998,72.147743,40600
2020-01-22,82.199997,82.860001,81.790001,82.720001,72.914612,32400
2020-01-23,82.419998,82.830002,81.510002,81.860001,72.156555,38700
2020-01-24,81.879997,81.919998,80.360001,81.089996,71.477837,23800
2020-01-27,79.949997,80.449997,79.930000,80.050003,70.561111,37400
2020-01-28,80.800003,81.169998,80.260002,80.620003,71.063545,56200
2020-01-29,80.879997,80.879997,78.500000,78.559998,69.247719,47500
2020-01-30,77.949997,78.440002,75.959999,77.320000,68.154716,45200
2020-01-31,76.959999,76.959999,75.849998,76.300003,67.255630,40400
2020-02-03,76.650002,76.650002,75.029999,75.440002,66.497581,49900
2020-02-04,76.269997,76.349998,72.980003,73.089996,64.426125,81500
2020-02-05,73.849998,74.800003,73.779999,74.519997,65.686623,63000
2020-02-06,74.949997,75.260002,73.120003,73.279999,64.593613,36700
2020-02-07,73.000000,73.160004,71.970001,72.400002,63.817917,51300
2020-02-10,72.419998,73.330002,71.300003,73.290001,64.602440,51400
2020-02-11,73.489998,74.279999,72.500000,72.970001,64.320343,42300
2020-02-12,73.470001,73.470001,72.190002,72.400002,63.817917,29800
2020-02-13,72.180000,73.260002,71.980003,72.790001,64.161690,38600
2020-02-14,72.919998,72.919998,71.480003,72.260002,63.694519,43800
2020-02-18,73.830002,75.540001,73.360001,75.239998,66.321289,51600
2020-02-19,75.989998,75.989998,72.550003,72.779999,64.152878,52700
2020-02-20,72.529999,73.540001,72.230003,72.309998,63.738586,31000
2020-02-21,72.300003,72.529999,71.690002,71.980003,63.447720,30900
2020-02-24,70.589996,71.709999,70.000000,71.400002,62.936459,48900
2020-02-25,71.660004,72.150002,68.500000,69.309998,61.094200,46200
2020-02-26,71.309998,76.559998,71.309998,74.870003,65.995140,74100
2020-02-27,73.529999,74.339996,72.099998,73.000000,64.346794,59000
2020-02-28,71.269997,75.059998,70.870003,75.059998,66.162605,112700
2020-03-02,75.010002,77.099998,73.790001,75.199997,66.286018,69900
2020-03-03,75.129997,77.500000,74.230003,75.160004,66.250755,84900
2020-03-04,76.190002,76.190002,73.800003,75.010002,66.118546,42300
2020-03-05,73.879997,74.250000,71.110001,72.440002,63.853191,53500
2020-03-06,71.269997,73.220001,70.660004,72.599998,63.994205,60100
2020-03-09,70.599998,72.260002,68.220001,70.250000,61.922775,98300
2020-03-10,72.160004,72.809998,68.669998,70.860001,62.460457,106500
2020-03-11,69.180000,69.739998,65.779999,66.040001,58.211815,77200
2020-03-12,55.000000,60.330002,55.000000,56.119999,49.467701,126300
2020-03-13,58.340000,59.020000,54.040001,56.320000,50.361912,101900
2020-03-16,51.189999,53.849998,50.009998,50.830002,45.452702,86600
2020-03-17,51.930000,55.900002,49.709999,55.820000,49.914806,84400
2020-03-18,52.049999,53.540001,49.009998,49.799999,44.531670,72200
2020-03-19,49.959999,52.860001,48.520000,51.919998,46.427387,95900
2020-03-20,52.119999,52.580002,42.790001,43.020000,38.468918,161000
2020-03-23,44.020000,47.500000,40.049999,45.919998,41.062130,89400
2020-03-24,46.919998,50.320000,46.270000,49.830002,44.558491,101100
2020-03-25,50.830002,53.250000,49.000000,50.470001,45.130787,96200
2020-03-26,51.389999,57.790001,51.389999,56.570000,50.585457,72100
2020-03-27,54.400002,56.750000,53.830002,54.119999,48.394650,57100
2020-03-30,54.790001,56.049999,53.299999,54.500000,48.734447,57700
2020-03-31,54.360001,55.630001,53.810001,55.630001,49.744911,68900
2020-04-01,53.459999,54.299999,51.259998,52.250000,46.722477,53300
2020-04-02,51.650002,54.240002,51.650002,53.380001,47.732933,40000
2020-04-03,53.049999,53.049999,49.230000,49.619999,44.370701,52700
2020-04-06,52.110001,55.509998,51.990002,53.529999,47.867065,92300
2020-04-07,55.000000,57.950001,54.029999,54.810001,49.011658,81400
2020-04-08,55.349998,58.740002,54.750000,57.680000,51.578033,56300
2020-04-09,59.880001,63.820000,59.880001,63.099998,56.424660,64500
2020-04-13,61.970001,62.220001,57.500000,58.320000,52.150341,66600
2020-04-14,59.610001,60.770000,55.810001,57.209999,51.157761,65900
2020-04-15,54.939999,57.250000,53.529999,54.430000,48.671856,54900
2020-04-16,54.540001,55.090000,51.070000,52.720001,47.142754,72900
2020-04-17,55.060001,57.549999,54.869999,57.169998,51.121990,51500
2020-04-20,57.169998,59.349998,55.970001,58.169998,52.016209,55200
2020-04-21,56.500000,57.480000,55.369999,56.770000,50.764313,41900
2020-04-22,58.490002,58.490002,56.099998,56.310001,50.352974,33100
2020-04-23,56.840000,58.189999,56.509998,56.720001,50.719597,36600
2020-04-24,57.000000,59.250000,56.360001,58.560001,52.364948,39100
2020-04-27,59.110001,62.130001,58.750000,61.000000,54.546810,53700
2020-04-28,62.049999,62.700001,60.509998,61.150002,54.680950,44100
2020-04-29,63.590000,68.040001,62.439999,66.489998,59.456032,58000
2020-04-30,65.209999,67.470001,63.689999,66.629997,59.581215,80000
2020-05-01,65.660004,67.559998,62.400002,63.669998,56.934361,88200
2020-05-04,62.959999,64.199997,60.830002,62.279999,55.691414,55900
2020-05-05,63.959999,65.070000,60.250000,60.820000,54.385860,67400
2020-05-06,61.590000,61.590000,59.500000,60.730000,54.305386,44500
2020-05-07,61.770000,61.900002,59.799999,60.070000,53.715206,50100
2020-05-08,62.480000,64.040001,61.450001,63.389999,56.683979,59900
2020-05-11,63.400002,63.599998,60.369999,61.200001,54.725666,61800
2020-05-12,60.290001,61.970001,57.290001,57.500000,51.417084,73900
2020-05-13,57.000000,57.279999,54.110001,55.669998,49.780674,80300
2020-05-14,54.200001,57.419998,52.270000,57.180000,51.130936,73300
2020-05-15,57.000000,58.650002,56.820000,58.070000,51.926785,40200
2020-05-18,60.700001,62.060001,59.570000,59.730000,53.411179,79100
2020-05-19,59.720001,61.270000,58.509998,58.590000,52.391781,55000
2020-05-20,61.130001,63.110001,60.669998,62.990002,56.326298,70700
2020-05-21,63.509998,64.290001,62.820000,62.939999,56.281586,46900
2020-05-22,63.130001,63.250000,61.700001,63.169998,56.487251,29200
2020-05-26,65.650002,66.300003,63.840000,64.339996,57.533482,60200
2020-05-27,66.389999,68.440002,64.620003,67.720001,60.555920,51800
2020-05-28,68.440002,68.440002,65.470001,65.470001,58.543934,45700
2020-05-29,64.900002,64.900002,63.540001,64.129997,57.345692,46600
2020-06-01,64.559998,65.889999,63.040001,64.430000,57.613956,45100
2020-06-02,65.269997,66.699997,64.550003,64.870003,58.007412,37100
2020-06-03,66.250000,69.489998,65.949997,68.230003,61.011959,59700
2020-06-04,67.669998,69.720001,67.330002,68.440002,61.199745,59700
2020-06-05,71.660004,74.680000,71.440002,73.750000,65.947998,65600
2020-06-08,75.250000,76.470001,73.529999,75.050003,67.110466,52600
2020-06-09,74.000000,74.300003,71.220001,72.430000,64.767632,58200
2020-06-10,72.239998,72.620003,69.199997,70.150002,62.728848,53100
2020-06-11,68.000000,68.000000,64.339996,64.349998,57.542427,93900
2020-06-12,66.669998,66.879997,63.169998,65.500000,59.308090,55500
2020-06-15,64.029999,68.940002,63.860001,68.290001,61.834339,59700
2020-06-16,70.540001,71.169998,67.339996,69.250000,62.703579,63900
2020-06-17,69.190002,69.250000,66.050003,66.830002,60.512356,42700
2020-06-18,65.860001,68.180000,65.669998,66.620003,60.322208,32900
2020-06-19,67.419998,67.790001,65.120003,67.290001,60.928867,148800
2020-06-22,66.529999,67.010002,65.309998,66.550003,60.258827,27800
2020-06-23,67.860001,67.860001,65.169998,65.169998,59.009281,31800
2020-06-24,64.489998,64.629997,61.490002,62.349998,56.455860,46800
2020-06-25,61.650002,63.849998,61.650002,63.630001,57.614864,30500
2020-06-26,63.000000,63.000000,59.779999,59.930000,54.264629,87100
2020-06-29,61.220001,62.590000,59.900002,62.230000,56.347210,46900
2020-06-30,62.130001,64.589996,62.130001,64.010002,57.958942,43000
2020-07-01,64.230003,64.290001,61.869999,62.470001,56.564522,50800
2020-07-02,64.080002,64.459999,61.450001,61.880001,56.030300,35100
2020-07-06,63.279999,63.279999,60.660000,61.799999,55.957863,31300
2020-07-07,61.470001,61.720001,60.070000,60.299999,54.599655,53000
2020-07-08,60.299999,61.410000,59.119999,59.990002,54.318962,43900
2020-07-09,59.830002,59.830002,57.060001,57.750000,52.290714,66200
2020-07-10,57.869999,61.150002,57.770000,61.060001,55.287815,34100
2020-07-13,62.110001,62.110001,60.389999,60.730000,54.989006,59400
2020-07-14,60.450001,61.290001,58.820000,59.400002,53.784737,42900
2020-07-15,61.230000,62.660000,60.619999,62.299999,56.410587,40000
2020-07-16,61.900002,62.740002,60.740002,61.419998,55.613777,23600
2020-07-17,61.119999,61.549999,60.380001,60.959999,55.197266,29700
2020-07-20,60.669998,61.029999,59.250000,59.360001,53.748516,34600
2020-07-21,60.180000,62.259998,60.180000,61.480000,55.668110,30100
2020-07-22,60.630001,61.310001,60.049999,60.529999,54.807911,22500
2020-07-23,60.610001,61.720001,60.480000,61.529999,55.713379,25100
2020-07-24,61.599998,61.599998,60.110001,60.279999,54.581547,24600
2020-07-27,60.020000,60.480000,58.919998,60.080002,54.400459,33200
2020-07-28,59.810001,61.580002,59.630001,60.330002,54.626820,24600
2020-07-29,60.500000,61.830002,60.139999,61.529999,55.713379,31800
2020-07-30,60.240002,60.400002,59.099998,60.029999,54.355183,27400
2020-07-31,59.230000,60.279999,58.250000,59.509998,53.884342,48500
2020-08-03,59.820000,60.450001,59.139999,60.139999,54.454784,27400
2020-08-04,60.400002,60.400002,59.549999,60.209999,54.518162,33500
2020-08-05,60.889999,61.169998,60.189999,61.070000,55.296867,23500
2020-08-06,61.230000,62.400002,60.950001,61.860001,56.012188,33000
2020-08-07,61.480000,63.689999,61.480000,63.450001,57.451878,38500
2020-08-10,64.000000,66.110001,64.000000,65.279999,59.108883,41400
2020-08-11,66.290001,71.910004,66.290001,68.989998,62.468159,80500
2020-08-12,70.139999,70.199997,65.860001,67.199997,60.847370,54100
2020-08-13,66.650002,68.610001,66.500000,68.500000,62.024490,53800
2020-08-14,68.250000,70.769997,67.760002,70.500000,63.835415,61300
2020-08-17,70.650002,70.650002,69.260002,70.459999,63.799202,47800
2020-08-18,70.459999,70.459999,68.500000,68.790001,62.287071,50900
2020-08-19,69.040001,70.480003,68.820000,69.610001,63.029552,65400
2020-08-20,68.699997,69.059998,66.980003,67.220001,60.865486,48300
2020-08-21,67.000000,67.510002,65.690002,67.230003,60.874542,61900
2020-08-24,68.050003,68.839996,67.019997,68.129997,61.689461,31200
2020-08-25,68.730003,69.150002,67.220001,68.900002,62.386688,62700
2020-08-26,68.790001,68.790001,67.220001,67.379997,61.010357,36400
2020-08-27,67.680000,69.370003,67.680000,68.269997,61.816219,46100
2020-08-28,69.000000,69.290001,67.709999,69.279999,62.730743,34800
2020-08-31,69.750000,69.750000,68.150002,68.150002,61.707565,62200
2020-09-01,67.849998,69.779999,67.400002,69.730003,63.138210,42200
2020-09-02,69.339996,71.650002,69.320000,71.449997,64.695610,61300
2020-09-03,71.290001,73.419998,71.190002,71.379997,64.632217,60300
2020-09-04,73.010002,73.139999,70.379997,71.230003,64.496399,31000
2020-09-08,71.290001,71.290001,69.169998,69.480003,62.911846,51700
2020-09-09,70.050003,70.059998,68.070000,68.089996,61.653248,45300
2020-09-10,68.680000,68.949997,67.070000,68.339996,61.879601,50400
2020-09-11,68.190002,68.190002,66.029999,66.809998,60.494244,72400
2020-09-14,67.470001,69.190002,67.470001,68.690002,62.196526,49100
2020-09-15,68.430000,68.430000,66.730003,66.839996,61.234581,45900
2020-09-16,66.889999,68.190002,65.809998,67.349998,61.701809,71200
2020-09-17,66.489998,66.959999,65.889999,66.019997,60.483349,53400
2020-09-18,66.370003,66.440002,64.779999,65.300003,59.823730,163300
2020-09-21,64.199997,64.239998,61.910000,63.400002,58.083073,81300
2020-09-22,63.119999,64.169998,62.279999,63.840000,58.486164,60200
2020-09-23,64.099998,65.110001,62.279999,62.290001,57.066162,64100
2020-09-24,62.299999,64.349998,61.790001,63.820000,58.467846,49800
2020-09-25,63.580002,64.879997,62.990002,64.639999,59.219074,56400
2020-09-28,65.400002,66.930000,65.120003,65.190002,59.722954,61400
2020-09-29,65.230003,65.230003,62.810001,63.779999,58.431198,45300
2020-09-30,64.089996,64.980003,63.189999,63.660000,58.321266,47900
2020-10-01,63.669998,64.809998,62.750000,64.699997,59.274044,51000
2020-10-02,63.689999,65.820000,63.509998,65.690002,60.181026,35800
2020-10-05,66.129997,66.919998,65.709999,66.660004,61.069675,34300
2020-10-06,67.339996,68.809998,67.019997,67.320000,61.674328,63700
2020-10-07,68.320000,68.500000,67.139999,67.239998,61.601028,41700
2020-10-08,67.900002,68.440002,67.269997,67.739998,62.059097,27100
2020-10-09,68.360001,68.459999,66.610001,67.529999,61.866718,50400
2020-10-12,67.400002,68.580002,67.029999,68.370003,62.636257,38000
2020-10-13,68.010002,68.010002,66.680000,67.610001,61.940002,31200
2020-10-14,67.760002,68.650002,67.040001,67.040001,61.417809,18400
2020-10-15,66.470001,68.709999,66.279999,67.980003,62.278984,52300
2020-10-16,68.010002,69.370003,66.550003,69.320000,63.506596,55400
2020-10-19,69.300003,70.239998,68.570000,68.690002,62.929436,36600
2020-10-20,69.389999,69.820000,69.019997,69.400002,63.579899,37300
2020-10-21,68.550003,69.400002,68.459999,68.559998,62.810333,34200
2020-10-22,69.089996,69.970001,68.519997,68.839996,63.066860,49800
2020-10-23,69.430000,69.680000,68.510002,69.180000,63.378334,45400
2020-10-26,68.470001,69.430000,68.080002,68.989998,63.204269,48600
2020-10-27,68.970001,69.599998,66.349998,66.470001,60.895611,34200
2020-10-28,66.000000,66.199997,63.509998,63.900002,58.541142,52700
2020-10-29,63.540001,65.389999,62.570000,64.809998,59.374813,33400
2020-10-30,64.690002,65.269997,64.120003,64.589996,59.173267,36400
2020-11-02,65.620003,66.860001,65.220001,65.599998,60.098572,71800
2020-11-03,66.809998,67.440002,65.220001,65.610001,60.107727,65400
2020-11-04,64.110001,65.940002,63.040001,64.059998,58.687714,63600
2020-11-05,64.139999,66.870003,64.139999,65.389999,59.906178,47400
2020-11-06,65.500000,65.930000,64.519997,64.550003,59.136627,37100
2020-11-09,67.820000,70.690002,67.629997,69.750000,63.900532,108200
2020-11-10,70.980003,72.320000,68.330002,70.570000,64.651764,85800
2020-11-11,70.650002,71.860001,67.269997,68.349998,62.617935,52800
2020-11-12,67.529999,68.010002,65.510002,66.529999,60.950573,52100
2020-11-13,67.070000,67.980003,66.559998,67.470001,61.811752,41300
2020-11-16,69.300003,70.500000,68.540001,70.389999,64.486855,53900
2020-11-17,69.449997,70.000000,68.720001,69.739998,63.891380,66400
2020-11-18,70.000000,70.389999,68.879997,68.919998,63.140156,46900
2020-11-19,68.620003,68.900002,67.430000,68.610001,62.856144,36000
2020-11-20,68.160004,68.379997,66.800003,67.660004,61.985821,42900
2020-11-23,67.940002,69.070000,67.940002,68.199997,62.480534,41700
2020-11-24,69.279999,71.500000,69.260002,70.449997,64.541824,72700
2020-11-25,70.190002,70.360001,68.980003,69.339996,63.524918,47300
2020-11-27,69.550003,69.550003,67.559998,68.940002,63.158485,25100
2020-11-30,68.550003,68.940002,67.529999,67.699997,62.022453,49500
2020-12-01,68.739998,70.540001,68.730003,70.070000,64.193703,66600
2020-12-02,70.050003,70.139999,68.500000,68.889999,63.112656,38100
2020-12-03,69.169998,70.389999,68.500000,69.930000,64.065445,62700
2020-12-04,70.250000,71.360001,70.250000,71.260002,65.283905,43400
2020-12-07,71.580002,72.930000,71.000000,71.900002,65.870224,49600
2020-12-08,71.410004,74.430000,71.410004,73.870003,67.675018,66100
2020-12-09,74.449997,75.669998,74.029999,75.349998,69.030907,64400
2020-12-10,75.070000,76.449997,75.000000,76.300003,69.901245,66300
2020-12-11,75.589996,77.040001,75.440002,76.459999,70.047821,60600
2020-12-14,76.080002,77.209999,76.080002,76.120003,70.473686,88100
2020-12-15,76.919998,76.989998,73.150002,74.019997,68.529457,61000
2020-12-16,73.989998,74.260002,72.639999,73.029999,67.612907,68100
2020-12-17,73.129997,73.129997,71.919998,72.209999,66.853722,52100
2020-12-18,72.290001,73.529999,71.660004,73.519997,68.066551,160000
2020-12-21,72.820000,72.949997,71.010002,72.879997,67.474030,76800
2020-12-22,72.760002,73.370003,71.720001,72.150002,66.798172,47400
2020-12-23,72.820000,75.290001,72.330002,74.550003,69.020149,63000
2020-12-24,75.199997,75.199997,73.260002,73.849998,68.372070,12700
2020-12-28,74.389999,76.099998,74.010002,74.580002,69.047920,37400
2020-12-29,74.480003,74.550003,72.970001,73.269997,67.835091,29400
2020-12-30,73.169998,75.339996,73.169998,74.129997,68.631294,34500
2020-12-31,74.260002,74.790001,73.470001,74.250000,68.742393,30200
2021-01-04,74.489998,75.419998,73.139999,74.760002,69.214577,49700
2021-01-05,74.660004,77.519997,74.239998,76.139999,70.492203,54100
2021-01-06,78.129997,83.059998,78.129997,80.550003,74.575096,108100
2021-01-07,81.190002,81.860001,78.580002,79.059998,73.195610,41100
2021-01-08,79.470001,79.470001,76.980003,78.160004,72.362381,29000
2021-01-11,78.180000,80.489998,78.150002,80.169998,74.223274,42000
2021-01-12,80.379997,81.199997,79.820000,81.120003,75.102814,45800
2021-01-13,80.970001,81.150002,77.040001,77.849998,72.075371,40900
2021-01-14,78.360001,80.430000,78.360001,80.360001,74.399185,51200
2021-01-15,79.250000,80.480003,78.250000,80.430000,74.463997,41100
2021-01-19,80.830002,80.940002,79.320000,79.769997,73.852951,40300
2021-01-20,80.139999,80.260002,77.970001,78.529999,72.704926,39800
2021-01-21,78.529999,80.129997,77.250000,79.860001,73.936279,37100
2021-01-22,78.949997,79.790001,78.500000,79.500000,73.602974,30200
2021-01-25,78.629997,79.480003,77.010002,79.169998,73.297455,32100
2021-01-26,79.389999,79.389999,77.440002,78.150002,72.353127,24100
2021-01-27,77.360001,77.360001,74.500000,75.940002,70.307045,44000
2021-01-28,76.820000,76.989998,75.940002,76.830002,71.131027,39600
2021-01-29,76.470001,76.980003,75.940002,76.000000,70.362595,36400
2021-02-01,76.339996,78.019997,76.150002,77.699997,71.936493,37500
2021-02-02,78.669998,78.669998,77.389999,77.779999,72.010567,44700
2021-02-03,77.750000,77.790001,75.709999,76.860001,71.158798,51400
2021-02-04,76.449997,77.839996,76.449997,77.839996,72.066109,35900
2021-02-05,78.519997,80.379997,78.199997,80.029999,74.093658,56700
2021-02-08,80.849998,82.820000,80.849998,82.419998,76.306374,57700
2021-02-09,82.040001,82.739998,81.389999,82.540001,76.417480,36600
2021-02-10,82.089996,83.379997,81.260002,82.470001,76.352684,66200
2021-02-11,82.680000,84.209999,82.559998,83.629997,77.426628,69600
2021-02-12,83.629997,84.690002,83.019997,84.099998,77.861763,31700
2021-02-16,84.660004,84.940002,83.339996,83.529999,77.334053,35200
2021-02-17,83.010002,84.400002,83.010002,84.000000,77.769173,44400
2021-02-18,83.570000,84.970001,83.489998,84.419998,78.158020,58700
2021-02-19,84.639999,84.790001,81.779999,83.110001,76.945206,38400
2021-02-22,82.629997,85.800003,82.510002,84.989998,78.685745,53300
2021-02-23,84.599998,86.459999,83.220001,83.410004,77.222954,38700
2021-02-24,83.940002,85.430000,83.339996,85.120003,78.806114,49500
2021-02-25,84.949997,86.029999,83.650002,84.800003,78.509842,46300
2021-02-26,85.760002,90.699997,85.000000,86.250000,79.852280,79500
2021-03-01,86.949997,89.169998,86.559998,88.919998,82.324242,53400
2021-03-02,88.389999,88.809998,87.000000,88.680000,82.102036,78800
2021-03-03,88.360001,90.889999,88.360001,89.970001,83.296364,61600
2021-03-04,90.250000,92.589996,86.320000,87.110001,80.648491,86700
2021-03-05,87.989998,90.690002,87.739998,90.349998,83.648155,68000
2021-03-08,91.080002,93.760002,90.349998,92.570000,85.703491,63000
2021-03-09,93.199997,93.760002,91.410004,92.139999,85.305397,41500
2021-03-10,92.919998,94.480003,92.519997,94.190002,87.203331,37100
2021-03-11,94.669998,96.860001,93.959999,96.809998,89.628975,56600
2021-03-12,97.300003,99.809998,96.849998,99.500000,92.119446,47500
2021-03-15,99.550003,99.550003,96.949997,99.279999,92.735931,69500
2021-03-16,99.279999,99.279999,97.019997,98.769997,92.259544,43100
2021-03-17,98.610001,100.000000,98.010002,99.800003,93.221672,48900
2021-03-18,100.589996,102.839996,99.190002,100.260002,93.651344,64200
2021-03-19,100.720001,102.440002,99.300003,102.440002,95.687653,197400
2021-03-22,102.540001,102.730003,94.660004,96.610001,90.241936,87800
2021-03-23,95.699997,97.430000,94.900002,95.139999,88.868828,60100
2021-03-24,96.230003,99.540001,95.559998,95.559998,89.261154,52300
2021-03-25,94.959999,99.889999,94.500000,99.320000,92.773308,64500
2021-03-26,100.300003,101.519997,98.879997,101.199997,94.529373,65000
2021-03-29,100.690002,101.400002,97.839996,99.220001,92.679901,40600
2021-03-30,99.290001,102.000000,98.010002,100.860001,94.211807,72200
2021-03-31,101.629997,101.970001,99.559998,100.720001,94.081024,60100
2021-04-01,101.300003,101.839996,100.300003,101.690002,94.987091,37000
2021-04-05,102.010002,102.629997,101.680000,102.629997,95.865128,36300
2021-04-06,102.519997,103.599998,101.559998,101.559998,94.865662,36100
2021-04-07,101.809998,102.160004,99.779999,100.190002,93.585968,41600
2021-04-08,99.669998,100.650002,98.730003,100.309998,93.698044,53100
2021-04-09,100.050003,100.989998,99.519997,100.260002,93.651344,20400
2021-04-12,100.580002,100.580002,98.650002,99.059998,92.530441,28200
2021-04-13,99.199997,99.419998,96.589996,97.239998,90.830406,22900
2021-04-14,97.470001,99.970001,97.389999,98.889999,92.371651,29900
2021-04-15,99.250000,99.250000,97.010002,98.879997,92.362312,22900
2021-04-16,100.120003,102.019997,99.629997,100.730003,94.090370,48400
2021-04-19,100.750000,101.830002,99.529999,100.750000,94.109047,36400
2021-04-20,100.750000,101.559998,98.040001,99.029999,92.502419,30900
2021-04-21,99.269997,100.709999,98.510002,100.370003,93.754105,28300
2021-04-22,100.879997,101.330002,98.889999,99.320000,92.773308,30200
2021-04-23,100.180000,102.489998,100.000000,100.820000,94.174438,45100
2021-04-26,101.400002,102.470001,100.180000,100.529999,93.903549,12200
2021-04-27,100.570000,101.250000,100.269997,100.739998,94.099701,50900
2021-04-28,100.559998,101.570000,100.559998,100.879997,94.230476,15100
2021-04-29,101.980003,103.120003,101.260002,102.449997,95.696983,19000
2021-04-30,101.800003,102.970001,101.720001,102.860001,96.079964,37100
2021-05-03,104.029999,106.000000,102.839996,105.150002,98.219025,51500
2021-05-04,105.370003,105.889999,104.000000,105.559998,98.601990,50400
2021-05-05,106.559998,108.360001,105.500000,108.330002,101.189400,53800
2021-05-06,109.529999,111.879997,108.349998,111.699997,104.337273,84800
2021-05-07,109.629997,109.629997,100.629997,102.290001,95.547531,139700
2021-05-10,102.300003,103.669998,101.239998,101.930000,95.211266,86500
2021-05-11,101.000000,101.070000,98.010002,100.199997,93.595314,67800
2021-05-12,100.320000,101.010002,95.639999,96.129997,89.793571,77200
2021-05-13,96.000000,101.949997,95.300003,101.500000,94.809616,62600
2021-05-14,102.370003,103.309998,100.050003,103.160004,96.360199,30800
2021-05-17,103.209999,104.580002,102.870003,103.980003,97.126144,35700
2021-05-18,104.430000,105.010002,102.599998,102.760002,95.986565,29800
2021-05-19,101.480003,102.150002,99.750000,101.809998,95.099174,33500
2021-05-20,102.040001,102.160004,100.519997,101.699997,94.996422,27600
2021-05-21,102.760002,103.019997,101.589996,102.150002,95.416771,21700
2021-05-24,102.760002,102.760002,100.500000,101.650002,94.949738,20400
2021-05-25,102.309998,102.650002,98.699997,98.830002,92.315613,40000
2021-05-26,98.849998,101.040001,98.849998,100.820000,94.174438,27100
2021-05-27,103.720001,103.830002,101.690002,102.339996,95.594231,34200
2021-05-28,99.419998,101.720001,99.110001,101.459999,94.772255,36400
2021-06-01,101.419998,103.550003,101.320000,102.599998,95.837105,28600
2021-06-02,103.129997,103.129997,101.250000,101.669998,94.968407,25600
2021-06-03,101.779999,102.239998,101.300003,101.790001,95.080498,15900
2021-06-04,101.790001,101.790001,99.209999,100.209999,93.604637,20700
2021-06-07,100.120003,100.900002,99.010002,100.779999,94.137062,25200
2021-06-08,100.320000,102.410004,99.919998,101.580002,94.884338,40700
2021-06-09,101.830002,101.830002,100.500000,101.059998,94.398605,35600
2021-06-10,102.510002,102.800003,101.029999,101.430000,94.744240,37500
2021-06-11,102.250000,103.980003,101.589996,103.910004,97.060768,34500
2021-06-14,103.650002,104.389999,101.190002,101.459999,95.581726,31300
2021-06-15,101.139999,102.199997,100.779999,101.430000,95.553467,16900
2021-06-16,100.629997,102.300003,100.160004,101.730003,95.836075,24000
2021-06-17,101.610001,102.290001,99.470001,101.519997,95.638237,38700
2021-06-18,100.580002,100.930000,97.120003,97.389999,91.747520,99900
2021-06-21,98.559998,101.790001,98.269997,100.980003,95.129539,33900
2021-06-22,100.209999,101.540001,99.129997,101.360001,95.487518,27700
2021-06-23,101.360001,102.980003,100.790001,101.830002,95.930275,38700
2021-06-24,102.970001,104.440002,101.779999,103.739998,97.729614,36600
2021-06-25,104.290001,104.800003,103.379997,103.639999,97.635422,274000
2021-06-28,102.919998,103.400002,98.559998,99.120003,93.377304,52700
2021-06-29,99.599998,99.599998,97.279999,97.820000,92.152603,30000
2021-06-30,97.290001,99.339996,97.059998,98.900002,93.170029,39100
2021-07-01,99.519997,100.650002,99.389999,99.910004,94.121529,21200
2021-07-02,99.540001,100.559998,98.639999,100.309998,94.498337,31500
2021-07-06,100.580002,100.580002,96.250000,97.620003,91.964188,29600
2021-07-07,96.820000,98.470001,96.769997,97.519997,91.869972,20900
2021-07-08,96.010002,97.309998,94.510002,95.849998,90.296738,30200
2021-07-09,97.610001,99.400002,96.809998,98.919998,93.188866,19700
2021-07-12,98.290001,99.879997,98.290001,99.080002,93.339615,28800
2021-07-13,99.139999,99.139999,96.519997,96.660004,91.059822,17100
2021-07-14,96.779999,97.279999,96.010002,96.269997,90.692406,22400
2021-07-15,95.739998,97.190002,95.739998,96.809998,91.201118,21700
2021-07-16,97.870003,97.870003,95.370003,96.360001,90.777199,44900
2021-07-19,94.900002,96.500000,94.199997,96.120003,90.551109,43800
2021-07-20,96.510002,98.559998,96.139999,96.650002,91.050407,39000
2021-07-21,97.720001,98.220001,96.919998,97.309998,91.672157,19500
2021-07-22,97.040001,97.330002,95.190002,95.790001,90.240211,16400
2021-07-23,96.639999,97.000000,95.809998,96.720001,91.116341,16300
2021-07-26,97.029999,97.639999,96.580002,97.500000,91.851151,17100
2021-07-27,96.580002,97.839996,96.250000,97.080002,91.455482,21800
2021-07-28,97.709999,97.709999,96.220001,97.180000,91.549683,28500
2021-07-29,98.099998,98.980003,97.419998,97.980003,92.303345,19400
2021-07-30,98.010002,98.110001,96.470001,97.500000,91.851151,23000
2021-08-02,97.500000,99.699997,95.730003,95.980003,90.419205,26800
2021-08-03,96.529999,97.379997,94.980003,96.570000,90.975029,19700
2021-08-04,95.269997,96.500000,94.440002,94.639999,89.156830,23700
2021-08-05,95.300003,96.309998,94.680000,96.250000,90.673569,21000
2021-08-06,98.139999,99.900002,98.000000,98.070000,92.388130,45900
2021-08-09,98.650002,98.919998,97.459999,97.930000,92.256241,19300
2021-08-10,97.550003,98.809998,97.040001,98.809998,93.085251,20900
2021-08-11,99.330002,99.750000,98.550003,99.650002,93.876587,28300
2021-08-12,99.989998,100.419998,99.309998,100.010002,94.215736,43800
2021-08-13,100.169998,100.349998,99.220001,99.699997,93.923691,28800
2021-08-16,99.699997,100.169998,99.040001,99.730003,93.951958,30200
2021-08-17,99.500000,99.550003,98.019997,98.489998,92.783783,15500
2021-08-18,98.500000,99.000000,97.629997,98.019997,92.341019,34600
2021-08-19,97.089996,98.250000,96.260002,98.250000,92.557693,34700
2021-08-20,97.830002,98.949997,96.809998,98.339996,92.642471,50700
2021-08-23,99.430000,99.430000,97.410004,97.699997,92.039558,26900
2021-08-24,97.620003,98.279999,97.300003,97.860001,92.190292,20500
2021-08-25,98.160004,98.849998,97.599998,97.779999,92.114929,30200
2021-08-26,97.550003,97.779999,95.739998,95.779999,90.230797,34300
2021-08-27,95.699997,99.430000,95.599998,99.110001,93.367867,52300
2021-08-30,99.040001,99.059998,97.389999,97.669998,92.011292,38100
2021-08-31,97.639999,98.290001,97.269997,97.900002,92.227974,26900
2021-09-01,98.080002,98.080002,96.750000,97.699997,92.039558,16600
2021-09-02,97.910004,99.190002,97.589996,99.190002,93.443237,28500
2021-09-03,99.459999,101.000000,99.250000,100.989998,95.138947,35400
2021-09-07,100.400002,101.709999,100.080002,100.190002,94.385307,23500
2021-09-08,100.089996,100.400002,99.650002,99.989998,94.196884,19700
2021-09-09,100.050003,100.709999,99.529999,99.540001,93.772949,22100
2021-09-10,100.230003,100.230003,98.099998,98.620003,92.906265,26700
2021-09-13,98.919998,100.529999,98.919998,99.430000,93.669334,18500
2021-09-14,99.110001,99.110001,96.449997,97.309998,92.490746,25900
2021-09-15,97.260002,98.930000,96.650002,98.559998,93.678833,24700
2021-09-16,98.540001,98.940002,97.669998,98.559998,93.678833,24500
2021-09-17,98.449997,100.510002,97.639999,100.279999,95.313660,80700
2021-09-20,98.480003,100.480003,97.980003,100.349998,95.380180,52400
2021-09-21,101.190002,101.190002,99.750000,100.639999,95.655815,36400
2021-09-22,100.949997,102.510002,100.949997,101.910004,96.862930,31600
2021-09-23,102.029999,104.220001,101.410004,104.169998,99.011002,32200
2021-09-24,103.879997,106.239998,103.879997,105.919998,100.674324,24700
2021-09-27,106.730003,111.190002,106.730003,111.029999,105.531265,39400
2021-09-28,110.680000,111.610001,110.019997,111.169998,105.664322,42300
2021-09-29,110.930000,111.230003,109.949997,110.019997,104.571289,71500
2021-09-30,110.910004,110.910004,108.480003,108.519997,103.145554,36100
2021-10-01,108.169998,113.089996,108.169998,112.949997,107.356163,45400
2021-10-04,112.650002,113.660004,112.260002,113.300003,107.688835,42500
2021-10-05,111.830002,113.830002,111.650002,113.669998,108.040512,18100
2021-10-06,113.000000,114.000000,112.349998,113.959999,108.316154,27300
2021-10-07,113.550003,115.970001,113.080002,115.489998,109.770378,39200
2021-10-08,115.879997,116.239998,114.690002,116.129997,110.378685,21900
2021-10-11,116.970001,117.820000,115.809998,117.389999,111.576279,32900
2021-10-12,116.400002,117.449997,116.300003,116.519997,110.749367,31700
2021-10-13,116.540001,116.540001,114.900002,115.540001,109.817902,30100
2021-10-14,115.959999,117.529999,115.959999,117.519997,111.699844,27500
2021-10-15,119.620003,120.599998,117.339996,118.099998,112.251114,65100
2021-10-18,117.519997,118.410004,117.279999,118.269997,112.412712,24400
2021-10-19,118.570000,118.589996,116.519997,117.760002,111.927963,21700
2021-10-20,118.099998,120.180000,117.970001,119.570000,113.648323,24100
2021-10-21,119.820000,121.160004,119.160004,121.070000,115.074028,20100
2021-10-22,121.620003,122.400002,120.480003,121.930000,115.891441,25000
2021-10-25,122.330002,123.660004,121.180000,123.440002,117.326653,26700
2021-10-26,123.349998,123.779999,122.000000,122.739998,116.661316,28900
2021-10-27,122.699997,122.699997,120.010002,121.120003,115.121552,34500
2021-10-28,121.760002,123.870003,121.760002,123.669998,117.545273,19700
2021-10-29,123.669998,126.400002,123.430000,126.089996,119.845421,36900
2021-11-01,126.089996,131.169998,126.089996,128.199997,121.850914,71600
2021-11-02,128.970001,129.279999,127.419998,129.179993,122.782379,27500
2021-11-03,129.179993,134.399994,128.809998,134.229996,127.582260,37600
2021-11-04,133.550003,133.550003,128.419998,131.270004,124.768890,58500
2021-11-05,132.600006,134.839996,131.259995,133.910004,127.278152,57600
2021-11-08,134.369995,137.009995,133.740005,136.809998,130.034500,31800
2021-11-09,134.639999,136.460007,127.879997,128.889999,122.506744,69800
2021-11-10,128.050003,131.970001,127.370003,131.500000,124.987495,44700
2021-11-11,131.570007,134.990005,131.570007,133.460007,126.850426,38300
2021-11-12,132.990005,132.990005,130.039993,131.789993,125.263115,22400
2021-11-15,131.529999,131.839996,130.619995,131.250000,124.749878,41300
2021-11-16,131.779999,131.949997,129.850006,130.539993,124.075027,32400
2021-11-17,129.630005,129.630005,126.129997,127.269997,120.966972,39200
2021-11-18,126.410004,128.869995,126.410004,127.209999,120.909950,33900
2021-11-19,125.669998,127.430000,125.019997,126.519997,120.254112,21100
2021-11-22,127.959999,130.600006,127.669998,127.889999,121.556274,27300
2021-11-23,128.000000,130.910004,127.989998,130.190002,123.742363,24700
2021-11-24,131.039993,131.039993,129.600006,129.710007,123.286133,14900
2021-11-26,126.519997,127.589996,120.389999,123.820000,117.687836,28600
2021-11-29,125.930000,125.930000,122.139999,122.779999,116.699341,28600
2021-11-30,121.220001,123.050003,119.160004,121.720001,115.691841,31800
2021-12-01,124.809998,124.830002,120.050003,120.050003,114.104553,28400
2021-12-02,120.849998,124.980003,119.970001,124.660004,118.486229,32300
2021-12-03,124.839996,124.839996,120.570000,121.250000,115.245117,28000
2021-12-06,123.370003,125.519997,122.260002,123.389999,117.279129,28000
2021-12-07,123.750000,125.769997,123.330002,124.970001,118.780884,27200
2021-12-08,126.260002,126.260002,123.760002,124.800003,118.619308,27200
2021-12-09,124.779999,124.779999,121.790001,121.790001,115.758369,25400
2021-12-10,121.410004,122.019997,120.739998,121.489998,115.473228,29400
2021-12-13,120.309998,120.910004,118.699997,119.540001,113.619804,32800
2021-12-14,118.220001,119.959999,117.300003,117.800003,112.796341,42500
2021-12-15,118.989998,121.330002,116.510002,118.349998,113.322968,40700
2021-12-16,119.389999,121.629997,117.760002,118.349998,113.322968,46800
2021-12-17,117.519997,118.639999,115.430000,117.010002,112.039886,82800
2021-12-20,115.580002,116.980003,112.800003,116.500000,111.551552,33600
2021-12-21,117.150002,120.120003,117.150002,119.760002,114.673073,34400
2021-12-22,119.610001,120.629997,118.949997,119.879997,114.787971,26700
2021-12-23,119.900002,122.180000,119.900002,120.669998,115.544426,16900
2021-12-27,121.309998,123.959999,120.269997,123.949997,118.685104,31000
2021-12-28,123.230003,124.459999,123.230003,123.750000,118.493599,25000
2021-12-29,124.330002,125.339996,123.099998,124.910004,119.604340,27200
2021-12-30,124.199997,124.790001,123.349998,123.480003,118.235069,14300
2021-12-31,123.980003,124.070000,122.940002,123.930000,118.665955,16000
2022-01-03,125.660004,127.559998,123.190002,124.550003,119.259628,40200
2022-01-04,125.430000,128.750000,125.430000,127.580002,122.160912,32400
2022-01-05,127.300003,128.490005,125.070000,125.309998,119.987343,22400
2022-01-06,126.419998,128.529999,125.830002,127.639999,122.218361,24100
2022-01-07,127.800003,129.089996,127.440002,127.669998,122.247086,18200
2022-01-10,127.250000,127.250000,125.519997,126.879997,121.490639,22900
2022-01-11,127.349998,127.750000,124.919998,127.669998,122.247086,28100
2022-01-12,128.479996,128.710007,126.209999,126.830002,121.442772,22100
2022-01-13,127.629997,130.610001,126.750000,129.839996,124.324928,34700
2022-01-14,128.669998,129.190002,126.839996,128.949997,123.472717,23300
2022-01-18,128.300003,128.350006,126.120003,126.760002,121.375748,24300
2022-01-19,127.809998,127.809998,123.989998,124.870003,119.566032,21500
2022-01-20,125.709999,127.089996,123.000000,123.430000,118.187187,23000
2022-01-21,123.070000,124.900002,122.980003,123.169998,117.938232,25100
2022-01-24,122.099998,124.919998,120.910004,124.820000,119.518158,33200
2022-01-25,123.250000,124.980003,122.160004,123.500000,118.254211,24700
2022-01-26,124.000000,125.400002,120.000000,122.050003,116.865822,46900
2022-01-27,122.940002,123.580002,117.419998,118.290001,113.265518,25800
2022-01-28,119.180000,119.370003,115.209999,119.370003,114.299644,32700
2022-01-31,117.930000,121.800003,117.790001,121.800003,116.626434,30000
2022-02-01,121.809998,122.790001,120.050003,122.559998,117.354141,20200
2022-02-02,121.709999,122.989998,120.379997,122.519997,117.315849,19000
2022-02-03,122.870003,124.730003,122.459999,123.239998,118.005257,25900
2022-02-04,123.330002,124.089996,122.449997,123.769997,118.512749,17800
2022-02-07,123.769997,124.910004,122.989998,123.519997,118.273369,14500
2022-02-08,123.650002,126.250000,123.650002,126.010002,120.657608,19000
2022-02-09,126.379997,126.430000,122.900002,123.050003,117.823334,22300
2022-02-10,122.300003,124.370003,122.190002,122.949997,117.727585,26000
2022-02-11,122.190002,125.449997,122.190002,123.800003,118.541473,15100
2022-02-14,123.599998,123.779999,120.779999,122.510002,117.306274,36500
2022-02-15,123.000000,125.320000,123.000000,123.879997,118.618080,18600
2022-02-16,123.389999,127.209999,123.000000,126.449997,121.078911,27200
2022-02-17,124.980003,124.980003,123.300003,123.980003,118.713829,17000
2022-02-18,122.870003,126.230003,122.870003,124.830002,119.527733,22000
2022-02-22,124.080002,125.589996,122.320000,123.169998,117.938232,27300
2022-02-23,124.570000,124.570000,120.419998,121.680000,116.511513,38500
2022-02-24,119.309998,119.410004,115.959999,118.739998,113.696404,29600
2022-02-25,120.110001,124.139999,120.110001,124.099998,118.828728,21200
2022-02-28,123.870003,124.860001,121.910004,123.699997,118.445717,38900
2022-03-01,126.919998,127.080002,115.389999,116.919998,111.953697,53700
2022-03-02,118.089996,122.760002,117.199997,122.459999,117.258392,24700
2022-03-03,121.010002,123.099998,120.809998,122.339996,117.143494,23900
2022-03-04,120.330002,120.989998,117.180000,118.180000,113.160202,21900
2022-03-07,118.000000,118.000000,115.110001,115.290001,110.392952,30200
2022-03-08,115.470001,118.559998,114.949997,115.839996,110.919586,27400
2022-03-09,118.940002,121.639999,118.580002,120.379997,115.266739,36600
2022-03-10,118.599998,121.900002,118.500000,120.239998,115.132683,27100
2022-03-11,122.150002,123.870003,121.980003,123.220001,117.986107,39200
2022-03-14,125.239998,129.100006,124.459999,128.729996,123.262062,54600
2022-03-15,128.660004,128.899994,125.690002,128.500000,123.956612,51000
2022-03-16,128.729996,130.029999,126.599998,127.589996,123.078781,35200
2022-03-17,126.519997,126.519997,122.129997,122.980003,118.631790,41400
2022-03-18,123.169998,123.169998,118.400002,119.269997,115.052956,165400
2022-03-21,120.510002,122.080002,118.040001,120.000000,115.757141,77000
2022-03-22,121.680000,123.239998,119.550003,119.660004,115.429176,47800
2022-03-23,118.160004,118.730003,115.010002,115.190002,111.117226,38900
2022-03-24,115.419998,117.059998,115.400002,116.290001,112.178314,25200
2022-03-25,115.620003,118.610001,115.620003,117.089996,112.950043,17400
2022-03-28,116.000000,116.000000,110.570000,112.760002,108.773140,77600
2022-03-29,113.330002,114.930000,111.500000,112.820000,108.831009,68800
2022-03-30,112.529999,114.440002,110.620003,111.050003,107.123604,35400
2022-03-31,110.110001,112.519997,108.480003,108.480003,104.644463,29900
2022-04-01,109.919998,110.769997,107.570000,110.330002,106.429047,36500
2022-04-04,109.239998,111.440002,108.120003,110.250000,106.351875,38500
2022-04-05,109.889999,110.000000,107.480003,107.699997,103.892036,21300
2022-04-06,106.959999,108.000000,105.739998,106.080002,102.329315,23000
2022-04-07,106.820000,107.239998,104.169998,107.129997,103.342194,39800
2022-04-08,107.949997,108.910004,106.360001,108.889999,105.039963,25700
2022-04-11,109.000000,111.379997,109.000000,110.089996,106.197533,36000
2022-04-12,110.500000,111.540001,108.089996,108.669998,104.827744,18800
2022-04-13,107.860001,109.510002,107.860001,109.080002,105.223244,22900
2022-04-14,109.349998,110.360001,109.000000,109.610001,105.734505,22700
2022-04-18,109.480003,110.309998,108.660004,109.339996,105.474045,21300
2022-04-19,109.440002,112.169998,109.440002,111.690002,107.740967,17200
2022-04-20,112.430000,114.559998,111.790001,112.180000,108.213638,21400
2022-04-21,113.940002,113.940002,108.660004,109.320000,105.454765,27500
2022-04-22,109.160004,109.160004,105.489998,105.639999,101.904884,23500
2022-04-25,105.099998,105.889999,103.470001,105.370003,101.644417,23500
2022-04-26,104.000000,104.199997,102.489998,102.519997,98.895172,25700
2022-04-27,102.410004,103.599998,101.839996,101.980003,98.374275,22600
2022-04-28,103.290001,105.879997,101.230003,105.379997,101.654060,31400
2022-04-29,104.699997,105.300003,101.739998,102.430000,98.808365,34300
2022-05-02,101.970001,103.800003,100.900002,102.599998,98.972359,33300
2022-05-03,103.110001,104.550003,102.410004,104.000000,100.322861,23100
2022-05-04,103.129997,106.769997,103.129997,106.360001,102.599419,23600
2022-05-05,107.980003,107.980003,103.650002,106.099998,102.348602,38800
2022-05-06,106.379997,106.680000,105.029999,106.540001,102.773048,34100
2022-05-09,105.230003,106.750000,103.970001,104.699997,100.998108,33800
2022-05-10,105.059998,105.699997,102.470001,102.470001,98.846954,35300
2022-05-11,103.440002,103.720001,101.660004,102.080002,98.470749,28400
2022-05-12,101.220001,101.790001,98.389999,100.269997,96.724739,37900
2022-05-13,100.989998,101.769997,99.519997,100.629997,97.072006,29900
2022-05-16,101.239998,102.930000,100.400002,101.930000,98.326050,26200
2022-05-17,102.830002,105.500000,102.830002,105.500000,101.769821,27900
2022-05-18,104.639999,104.639999,101.050003,101.699997,98.104179,31500
2022-05-19,101.349998,101.790001,100.070000,101.160004,97.583282,38400
2022-05-20,101.690002,101.690002,97.349998,99.080002,95.576820,23800
2022-05-23,100.989998,102.470001,100.010002,101.120003,97.544685,21800
2022-05-24,99.110001,102.889999,98.930000,102.400002,98.779434,21400
2022-05-25,103.199997,104.059998,102.110001,102.760002,99.126701,18200
2022-05-26,104.050003,104.730003,103.379997,103.650002,99.985229,15200
2022-05-27,102.570000,105.080002,102.570000,103.750000,100.081688,21600
2022-05-31,103.000000,105.019997,102.440002,105.010002,101.297157,50800
2022-06-01,105.489998,105.489998,102.379997,105.019997,101.306801,32600
2022-06-02,105.370003,106.050003,103.449997,105.260002,101.538307,31800
2022-06-03,104.000000,104.000000,102.360001,102.620003,98.991661,15300
2022-06-06,103.050003,105.099998,103.050003,103.760002,100.091339,14900
2022-06-07,102.519997,104.589996,102.360001,104.260002,100.573669,28200
2022-06-08,104.050003,104.050003,100.419998,101.919998,98.316399,29300
2022-06-09,99.650002,100.220001,98.750000,99.040001,95.538231,27700
2022-06-10,98.000000,98.000000,95.209999,95.220001,91.853294,27700
2022-06-13,94.720001,94.720001,90.989998,91.970001,88.718208,45100
2022-06-14,91.000000,92.239998,90.489998,91.620003,89.303040,45800
2022-06-15,92.739998,94.849998,92.370003,93.879997,91.505882,32700
2022-06-16,92.349998,92.580002,90.379997,90.709999,88.416054,40400
2022-06-17,91.370003,95.110001,91.250000,93.629997,91.262207,95900
2022-06-21,94.570000,96.989998,94.570000,96.139999,93.708733,45900
2022-06-22,94.580002,97.570000,94.529999,96.320000,93.884171,33300
2022-06-23,96.269997,98.989998,95.629997,96.949997,94.498238,31600
2022-06-24,97.410004,99.260002,97.410004,98.290001,95.804359,46400
2022-06-27,99.440002,99.440002,97.339996,98.000000,95.521690,29000
2022-06-28,99.230003,99.419998,96.889999,96.889999,94.439758,19500
2022-06-29,96.730003,96.989998,95.830002,96.480003,94.040138,26100
2022-06-30,95.720001,97.760002,94.779999,97.650002,95.180542,31900
2022-07-01,96.709999,98.879997,95.459999,98.860001,96.359940,44100
2022-07-05,97.110001,97.839996,95.430000,97.720001,95.248772,28000
2022-07-06,98.400002,98.400002,96.220001,97.199997,94.741928,20700
2022-07-07,98.110001,99.150002,97.529999,98.110001,95.628906,23100
2022-07-08,97.900002,98.599998,96.610001,98.129997,95.648399,22100
2022-07-11,97.620003,98.150002,97.000000,97.150002,94.693192,21200
2022-07-12,97.000000,99.199997,96.559998,96.779999,94.332542,17100
2022-07-13,96.400002,96.400002,94.690002,95.599998,93.182381,32400
2022-07-14,93.860001,94.040001,92.430000,93.370003,91.008781,27300
2022-07-15,95.190002,96.949997,95.099998,96.510002,94.069374,38300
2022-07-18,97.900002,99.129997,97.019997,97.750000,95.278015,23100
2022-07-19,98.449997,101.760002,98.419998,100.879997,98.328865,35900
2022-07-20,100.070000,102.239998,100.019997,102.089996,99.508255,42400
2022-07-21,101.010002,101.690002,100.010002,101.500000,98.933189,19300
2022-07-22,101.139999,101.519997,99.739998,100.610001,98.065689,26300
2022-07-25,102.230003,103.699997,102.019997,103.400002,100.785141,34000
2022-07-26,103.480003,104.160004,102.940002,103.459999,100.843620,16700
2022-07-27,104.260002,108.370003,104.260002,107.750000,105.025124,48200
2022-07-28,107.529999,109.410004,107.379997,108.959999,106.204521,32400
2022-07-29,109.000000,111.239998,109.000000,110.290001,107.500885,32300
2022-08-01,109.680000,110.500000,107.139999,107.339996,104.625488,43600
2022-08-02,106.250000,107.040001,105.029999,105.480003,102.812531,33500
2022-08-03,105.910004,109.040001,105.550003,108.540001,105.795151,19300
2022-08-04,107.860001,108.519997,106.839996,108.519997,105.775650,24800
2022-08-05,107.610001,110.290001,107.610001,109.070000,106.311737,17200
2022-08-08,109.349998,111.169998,108.720001,109.980003,107.198738,26200
2022-08-09,110.570000,111.919998,109.220001,111.430000,108.612061,24200
2022-08-10,113.070000,113.900002,112.040001,112.059998,109.226128,22700
2022-08-11,112.360001,113.919998,111.809998,113.379997,110.512749,17000
2022-08-12,113.980003,116.070000,113.169998,115.820000,112.891045,24800
2022-08-15,114.989998,115.820000,114.419998,114.680000,111.779877,26900
2022-08-16,114.730003,116.709999,114.489998,116.470001,113.524612,25600
2022-08-17,115.089996,116.680000,114.570000,116.230003,113.290680,22800
2022-08-18,116.779999,116.779999,115.309998,116.459999,113.514862,22800
2022-08-19,115.820000,115.820000,113.279999,114.279999,111.389992,41500
2022-08-22,113.129997,113.879997,112.150002,113.089996,110.230080,29400
2022-08-23,112.750000,113.620003,112.349998,113.000000,110.142365,24900
2022-08-24,113.000000,114.080002,112.510002,113.779999,110.902634,23300
2022-08-25,113.699997,115.199997,113.699997,115.080002,112.169762,17200
2022-08-26,115.099998,115.099998,111.169998,111.230003,108.417122,20200
2022-08-29,110.669998,111.779999,109.709999,110.629997,107.832291,16900
2022-08-30,111.449997,111.449997,109.180000,110.300003,107.510635,22500
2022-08-31,111.239998,111.239998,109.010002,109.239998,106.477448,30300
2022-09-01,108.959999,109.470001,107.500000,108.930000,106.175285,24900
2022-09-02,108.930000,111.010002,107.849998,108.180000,105.444252,18600
2022-09-06,107.949997,107.949997,106.070000,106.320000,103.631287,23900
2022-09-07,106.199997,107.910004,106.040001,107.589996,104.869171,26600
2022-09-08,106.559998,108.050003,106.500000,107.040001,104.333076,18200
2022-09-09,107.449997,108.559998,106.110001,106.459999,103.767746,17700
2022-09-12,106.940002,107.599998,106.180000,107.599998,104.878914,22100
2022-09-13,106.760002,106.760002,103.669998,103.910004,101.282242,27800
2022-09-14,103.029999,103.940002,101.989998,103.940002,102.246269,30200
2022-09-15,104.000000,105.510002,103.529999,105.139999,103.426712,34000
2022-09-16,104.510002,105.820000,103.370003,105.019997,103.308662,56500
2022-09-19,103.820000,108.029999,103.820000,108.029999,106.269615,28900
2022-09-20,106.690002,106.940002,104.540001,106.940002,105.197380,33000
2022-09-21,108.010002,111.250000,107.779999,108.129997,106.367981,42800
2022-09-22,107.349998,108.580002,104.220001,107.290001,105.541672,39600
2022-09-23,104.970001,105.959999,102.239998,103.550003,101.862617,29800
2022-09-26,104.000000,104.820000,102.830002,102.870003,101.193703,28200
2022-09-27,103.930000,103.970001,100.830002,100.919998,99.275475,35400
2022-09-28,101.980003,103.190002,101.339996,101.820000,100.160812,39500
2022-09-29,103.599998,103.599998,97.760002,98.360001,96.757195,40900
2022-09-30,98.910004,101.059998,98.500000,99.139999,97.524483,40700
2022-10-03,100.290001,101.379997,98.239998,101.150002,99.501732,31500
2022-10-04,102.260002,106.680000,102.059998,106.110001,104.380905,29100
2022-10-05,104.570000,105.070000,103.160004,104.360001,102.659416,23700
2022-10-06,103.830002,105.010002,102.599998,103.230003,101.547836,33200
2022-10-07,103.260002,104.139999,100.400002,101.120003,99.472221,28500
2022-10-10,101.610001,102.449997,101.029999,101.449997,99.796837,15200
2022-10-11,101.099998,102.620003,100.010002,101.610001,99.954231,19700
2022-10-12,101.949997,103.209999,100.690002,102.870003,101.193703,33300
2022-10-13,100.919998,107.389999,100.919998,107.389999,105.640045,34100
2022-10-14,107.699997,109.400002,104.709999,104.860001,103.151276,34600
2022-10-17,107.180000,107.919998,106.379997,107.320000,105.571182,35500
2022-10-18,108.379997,108.790001,107.230003,107.580002,105.826950,26700
2022-10-19,106.269997,107.989998,104.720001,106.620003,104.882599,28200
2022-10-20,107.169998,108.110001,104.940002,105.050003,103.338173,22400
2022-10-21,105.599998,107.970001,104.970001,107.709999,105.954834,23800
2022-10-24,108.599998,108.599998,107.160004,107.320000,105.571182,26200
2022-10-25,106.769997,110.779999,106.650002,110.080002,108.286209,29700
2022-10-26,111.230003,111.470001,109.930000,110.529999,108.728882,19900
2022-10-27,111.839996,115.690002,111.779999,112.089996,110.263451,38800
2022-10-28,112.070000,115.400002,112.070000,114.459999,112.594841,52500
2022-10-31,114.169998,116.470001,113.669998,115.199997,113.322777,33100
2022-11-01,116.080002,117.970001,115.680000,116.940002,115.034431,51300
2022-11-02,116.099998,117.809998,113.800003,113.940002,112.083313,26700
2022-11-03,112.360001,114.739998,111.639999,113.599998,111.748848,14700
2022-11-04,115.419998,115.800003,113.199997,115.330002,113.450661,13900
2022-11-07,114.800003,116.010002,113.940002,114.900002,113.027672,34600
2022-11-08,113.489998,118.809998,113.199997,117.339996,115.427902,49000
2022-11-09,117.709999,118.839996,115.260002,115.500000,113.617889,27600
2022-11-10,119.580002,123.730003,118.440002,122.480003,120.484154,60500
2022-11-11,122.599998,123.860001,119.449997,121.510002,119.529953,37200
2022-11-14,120.870003,123.419998,120.739998,121.599998,119.618492,25600
2022-11-15,123.480003,124.709999,121.830002,123.260002,121.251442,38700
2022-11-16,123.870003,123.919998,120.910004,123.570000,121.556389,23300
2022-11-17,123.309998,123.470001,121.180000,123.279999,121.271111,25500
2022-11-18,124.919998,124.919998,122.699997,124.190002,122.166290,32500
2022-11-21,123.370003,126.279999,123.239998,125.919998,123.868095,25600
2022-11-22,125.400002,126.529999,124.820000,125.510002,123.464775,29400
2022-11-23,125.900002,126.290001,124.959999,125.589996,123.543472,23500
2022-11-25,126.099998,127.879997,125.279999,126.820000,124.753426,17800
2022-11-28,124.660004,125.459999,124.099998,124.760002,122.726997,28700
2022-11-29,125.610001,126.360001,124.260002,124.779999,122.746666,26900
2022-11-30,125.389999,126.750000,122.750000,125.849998,123.799232,46700
2022-12-01,126.260002,126.699997,124.830002,125.000000,122.963089,27000
2022-12-02,123.279999,126.330002,123.279999,125.250000,123.209007,24700
2022-12-05,124.290001,124.290001,120.540001,120.959999,118.988914,30800
2022-12-06,120.029999,122.110001,118.870003,121.690002,119.707024,37600
2022-12-07,120.230003,121.449997,118.260002,118.779999,116.844444,39400
2022-12-08,120.000000,121.320000,118.209999,119.800003,117.847824,37800
2022-12-09,118.489998,120.029999,117.879997,119.059998,117.119873,41400
2022-12-12,119.489998,120.940002,118.720001,120.089996,118.133095,31700
2022-12-13,123.379997,123.379997,119.610001,121.209999,119.234840,57200
2022-12-14,119.970001,121.059998,116.160004,117.309998,116.309990,46700
2022-12-15,115.260002,116.940002,114.470001,115.419998,114.436104,46900
2022-12-16,113.580002,116.089996,113.470001,115.230003,114.247726,78400
2022-12-19,115.169998,117.089996,113.540001,114.419998,113.444626,47400
2022-12-20,115.029999,116.540001,112.080002,115.339996,114.356781,35600
2022-12-21,116.290001,117.019997,114.639999,115.019997,114.039513,70300
2022-12-22,115.550003,115.889999,111.800003,113.800003,112.829918,101700
2022-12-23,114.589996,115.379997,112.930000,113.989998,113.018295,40300
2022-12-27,115.029999,115.540001,113.099998,113.459999,112.492813,44000
2022-12-28,114.080002,114.260002,111.279999,111.279999,110.331398,62600
2022-12-29,112.580002,114.440002,111.400002,113.489998,112.522552,46600
2022-12-30,113.000000,113.559998,112.120003,112.709999,111.749207,38900
2023-01-03,113.839996,114.260002,112.470001,113.529999,112.562218,49200
2023-01-04,113.550003,117.010002,113.550003,115.629997,114.644310,51700
2023-01-05,115.339996,115.339996,112.910004,114.790001,113.811478,49400
2023-01-06,116.070000,121.849998,115.309998,120.750000,119.720673,71700
2023-01-09,120.980003,122.070000,118.309998,118.550003,117.539429,46500
2023-01-10,118.059998,120.160004,117.940002,120.120003,119.096039,58000
2023-01-11,120.959999,124.570000,119.750000,123.349998,122.298508,146600
2023-01-12,123.570000,126.529999,122.959999,124.720001,123.656830,55300
2023-01-13,123.709999,125.860001,122.370003,124.800003,123.736145,60000
2023-01-17,125.599998,125.750000,122.400002,122.559998,121.515236,73100
2023-01-18,122.010002,122.720001,120.129997,120.349998,119.324081,62400
2023-01-19,119.510002,121.800003,118.430000,121.790001,120.751808,56000
2023-01-20,122.730003,124.220001,121.180000,123.930000,122.873558,51700
2023-01-23,124.760002,127.910004,123.760002,127.110001,126.026451,48600
2023-01-24,125.800003,127.050003,125.110001,126.000000,124.925919,37100
2023-01-25,125.370003,131.389999,124.430000,131.240005,130.121246,58500
2023-01-26,132.529999,134.500000,130.529999,132.710007,131.578720,84000
2023-01-27,131.919998,134.740005,131.919998,132.220001,131.092896,80500
2023-01-30,131.789993,132.619995,128.309998,128.429993,127.335197,60800
2023-01-31,128.149994,132.970001,128.149994,132.970001,131.836502,60400
2023-02-01,132.860001,134.940002,131.259995,132.800003,131.667953,59700
2023-02-02,132.910004,134.449997,132.610001,133.539993,132.401642,50300
2023-02-03,133.169998,135.960007,132.529999,134.720001,133.571579,53900
2023-02-06,133.960007,135.460007,132.759995,134.380005,133.234482,49400
2023-02-07,133.470001,137.149994,132.919998,136.860001,135.693344,58900
2023-02-08,135.410004,136.869995,134.820007,135.500000,134.344940,42000
2023-02-09,135.979996,137.289993,134.729996,135.880005,134.721695,65800
2023-02-10,135.600006,139.210007,135.100006,138.679993,137.497818,50700
2023-02-13,138.360001,139.160004,137.669998,138.630005,137.448257,40700
2023-02-14,138.199997,139.630005,136.740005,137.169998,136.000702,56200
2023-02-15,135.770004,139.979996,135.500000,139.100006,137.914246,56500
2023-02-16,137.570007,140.369995,134.800003,138.270004,137.091324,46500
2023-02-17,138.660004,140.110001,137.520004,139.440002,138.251343,58900
2023-02-21,137.940002,138.720001,136.199997,136.570007,135.405823,64700
2023-02-22,136.880005,138.350006,136.050003,137.039993,135.871796,62200
2023-02-23,135.029999,137.839996,134.300003,135.539993,134.384583,80600
2023-02-24,135.600006,141.899994,132.580002,141.080002,139.877365,130800
2023-02-27,141.940002,143.869995,139.880005,141.289993,140.085571,99700
2023-02-28,141.759995,144.490005,140.649994,141.860001,140.650711,124800
2023-03-01,142.229996,146.320007,140.979996,145.070007,143.833359,66100
2023-03-02,144.330002,146.149994,143.130005,145.139999,143.902756,77900
2023-03-03,146.139999,148.500000,144.960007,147.500000,146.242645,46800
2023-03-06,147.509995,149.369995,146.320007,147.199997,145.945190,76400
2023-03-07,146.720001,147.169998,142.820007,143.369995,142.147842,79500
2023-03-08,143.869995,145.320007,142.119995,142.940002,141.721512,85300
2023-03-09,142.630005,142.889999,135.110001,135.199997,134.047485,128700
2023-03-10,133.570007,134.649994,128.289993,130.210007,129.100037,111600
2023-03-13,125.650002,130.809998,122.389999,126.010002,124.935829,144400
2023-03-14,131.119995,133.070007,127.309998,129.039993,127.939995,90300
2023-03-15,123.989998,127.230003,123.080002,125.930000,125.930000,104100
2023-03-16,123.820000,132.949997,122.599998,131.210007,131.210007,150400
2023-03-17,129.679993,130.949997,123.500000,126.139999,126.139999,292000
2023-03-20,128.339996,130.240005,126.830002,127.139999,127.139999,81600
2023-03-21,129.740005,133.300003,129.740005,130.880005,130.880005,129600
2023-03-22,131.179993,131.179993,125.190002,125.199997,125.199997,120400
2023-03-23,125.580002,127.739998,123.889999,124.639999,124.639999,111700
2023-03-24,122.879997,125.919998,122.099998,125.349998,125.349998,55500
2023-03-27,127.540001,128.960007,126.250000,127.879997,127.879997,51200