Date,Open,High,Low,Close,Adj Close,Volume
2019-12-05,43.439999,44.800999,42.014000,44.500000,39.987572,36500
2019-12-06,43.750000,45.000000,42.570000,43.610001,39.187813,111700
2019-12-09,43.599998,43.771999,41.299999,41.410000,37.210903,81500
2019-12-10,41.500000,42.084000,40.349998,40.549999,36.438110,47300
2019-12-11,40.259998,40.990002,39.660000,39.830002,35.791122,66100
2019-12-12,39.630001,41.110001,39.450001,40.490002,36.384193,71800
2019-12-13,40.389999,41.540001,40.389999,41.540001,37.327717,50800
2019-12-16,41.849998,42.689999,41.759998,42.349998,38.055584,85800
2019-12-17,42.590000,43.487999,42.099998,42.709999,38.379086,86000
2019-12-18,42.869999,43.798000,42.869999,43.599998,39.178825,70800
2019-12-19,43.599998,45.220001,43.599998,44.299999,39.807846,79400
2019-12-20,44.619999,45.980000,44.389999,45.980000,41.317490,130400
2019-12-23,46.049999,46.500000,44.500000,44.700001,40.167282,103800
2019-12-24,44.700001,45.194000,44.180000,44.259998,39.771900,19900
2019-12-26,44.400002,45.262001,44.299999,45.049999,40.481796,36300
2019-12-27,45.040001,45.470001,44.060001,44.430000,40.138504,60500
2019-12-30,44.340000,44.388000,43.270000,43.930000,39.686790,61400
2019-12-31,43.900002,45.060001,43.730000,44.869999,40.535992,55100
2020-01-02,45.360001,45.360001,44.290001,45.299999,40.924465,72200
2020-01-03,44.580002,45.450001,44.209999,45.349998,40.969639,76700
2020-01-06,45.290001,46.450001,45.020000,46.040001,41.592991,73300
2020-01-07,46.340000,46.900002,46.042999,46.439999,41.954350,52200
2020-01-08,46.490002,46.891998,45.470001,45.599998,41.195488,70100
2020-01-09,45.880001,45.880001,44.509998,44.750000,40.427589,42500
2020-01-10,44.799999,45.146999,44.180000,44.889999,40.554066,61800
2020-01-13,44.500000,45.209999,44.230000,44.759998,40.436626,36800
2020-01-14,44.610001,45.080002,44.119999,44.139999,39.876511,63700
2020-01-15,44.380001,44.450001,43.840000,43.860001,39.623554,36600
2020-01-16,44.520000,44.520000,43.839001,44.200001,39.930710,33900
2020-01-17,44.200001,44.250000,43.220001,43.549999,39.343494,30400
2020-01-21,43.490002,43.544998,42.759998,42.939999,38.792419,26900
2020-01-22,43.000000,43.112999,42.208000,42.500000,38.394913,76200
2020-01-23,42.349998,42.349998,40.599998,40.700001,36.768784,49400
2020-01-24,41.230000,41.230000,39.000000,39.470001,35.657585,72400
2020-01-27,39.400002,39.794998,38.945999,39.459999,35.648556,82400
2020-01-28,39.939999,40.330002,39.444000,39.810001,35.964752,40300
2020-01-29,40.110001,40.110001,38.849998,39.110001,35.332352,56700
2020-01-30,38.790001,38.790001,37.720001,38.360001,34.654804,91000
2020-01-31,38.090000,38.674000,37.590000,37.980000,34.311504,71000
2020-02-03,37.939999,38.040001,36.250000,36.740002,33.191277,103700
2020-02-04,37.130001,37.669998,36.679001,37.220001,33.624912,88300
2020-02-05,37.529999,38.750000,37.529999,38.599998,34.871616,79800
2020-02-06,39.250000,39.250000,38.119999,38.400002,34.690941,43700
2020-02-07,38.500000,39.119999,38.200001,38.790001,35.043266,51300
2020-02-10,38.669998,38.740002,37.650002,37.930000,34.266338,95300
2020-02-11,37.849998,39.180000,37.669998,39.160000,35.377525,61600
2020-02-12,39.450001,39.650002,38.619999,39.240002,35.449802,57800
2020-02-13,38.990002,39.240002,38.619999,38.689999,34.952927,31300
2020-02-14,38.750000,38.980000,38.130001,38.980000,35.214912,48700
2020-02-18,38.900002,39.619999,38.860001,39.070000,35.296223,35300
2020-02-19,38.599998,39.860001,38.599998,39.490002,35.675652,58600
2020-02-20,38.450001,38.450001,33.020000,33.700001,30.444916,318200
2020-02-21,32.869999,33.490002,32.521000,32.799999,29.631840,134800
2020-02-24,32.000000,32.000000,30.830000,31.230000,28.213488,176900
2020-02-25,31.540001,31.590000,29.219999,29.879999,26.993881,161500
2020-02-26,30.040001,30.548000,28.860001,29.190001,26.370531,160400
2020-02-27,28.559999,29.684999,27.645000,28.299999,25.566498,131200
2020-02-28,27.639999,30.090000,27.639999,30.000000,27.102295,227800
2020-03-02,29.950001,29.950001,28.184999,29.180000,26.361500,149300
2020-03-03,29.309999,29.510000,27.940001,28.320000,25.584566,185500
2020-03-04,28.830000,28.830000,27.809999,28.780001,26.000137,114600
2020-03-05,28.150000,28.150000,26.420000,26.500000,23.940361,262000
2020-03-06,25.900000,27.040001,25.459999,26.209999,23.678371,184400
2020-03-09,24.190001,26.000000,23.510000,23.680000,21.392742,161300
2020-03-10,24.670000,24.709000,23.233000,24.670000,22.287121,137300
2020-03-11,24.010000,24.410000,23.230000,23.879999,21.573427,223100
2020-03-12,22.420000,22.450001,20.080000,20.510000,18.528934,173700
2020-03-13,21.629999,21.920000,19.230000,20.450001,18.693476,142300
2020-03-16,18.750000,18.780001,17.340000,18.040001,16.490479,194700
2020-03-17,18.200001,18.209999,16.070000,16.889999,15.439258,205200
2020-03-18,16.000000,16.318001,13.120000,14.800000,13.528774,192300
2020-03-19,14.830000,17.559999,14.010000,17.430000,15.932872,241200
2020-03-20,17.650000,17.990000,15.940000,16.330000,14.927357,328200
2020-03-23,16.410000,16.909000,14.160000,14.960000,13.675030,169400
2020-03-24,16.010000,17.350000,15.270000,17.150000,15.676925,224400
2020-03-25,17.450001,18.889999,16.670000,17.900000,16.362503,232500
2020-03-26,18.150000,18.309999,16.270000,17.510000,16.006004,166800
2020-03-27,16.639999,16.639999,15.330000,15.810000,14.452020,124600
2020-03-30,15.930000,17.370001,15.320000,17.180000,15.704347,170100
2020-03-31,17.240000,18.670000,17.240000,17.830000,16.298517,212800
2020-04-01,17.219999,17.520000,15.890000,16.240000,14.845085,117700
2020-04-02,16.250000,17.270000,16.030001,16.860001,15.411833,201000
2020-04-03,17.070000,17.139999,15.610000,16.160000,14.771957,73800
2020-04-06,16.809999,17.910000,16.740000,17.860001,16.325939,154700
2020-04-07,19.010000,20.309999,17.690001,17.879999,16.344219,228100
2020-04-08,18.500000,19.400000,17.879999,19.160000,17.514278,86300
2020-04-09,19.969999,20.520000,18.930000,19.559999,17.879921,204500
2020-04-13,19.740000,19.740000,18.330000,18.950001,17.322315,144300
2020-04-14,19.230000,19.546000,18.105000,18.760000,17.148634,323700
2020-04-15,18.010000,18.065001,17.190001,17.590000,16.079130,138600
2020-04-16,17.500000,17.500000,16.610001,16.830000,15.384410,121500
2020-04-17,16.860001,18.139999,16.860001,18.120001,16.563608,157100
2020-04-20,17.620001,18.298000,17.030001,17.670000,16.152258,57800
2020-04-21,17.490000,17.700001,17.049999,17.110001,15.640357,158600
2020-04-22,17.670000,17.740000,17.129999,17.290001,15.804896,89000
2020-04-23,17.480000,18.351999,17.049999,17.610001,16.097410,112000
2020-04-24,17.730000,18.760000,17.440001,18.600000,17.002380,117400
2020-04-27,18.750000,20.209999,18.600000,19.900000,18.190716,129600
2020-04-28,20.200001,20.851000,19.570000,20.070000,18.346109,91900
2020-04-29,20.760000,22.250000,20.760000,21.660000,19.799543,140200
2020-04-30,21.000000,21.450001,19.629999,19.629999,17.943907,135900
2020-05-01,19.469999,19.530001,18.570000,19.530001,17.852495,82800
2020-05-04,19.250000,19.450001,18.420000,18.730000,17.121210,76300
2020-05-05,19.110001,19.110001,17.629999,17.760000,16.234528,92300
2020-05-06,17.770000,18.004999,17.190001,17.270000,15.786615,75400
2020-05-07,19.000000,20.070000,18.930000,19.469999,17.797647,201900
2020-05-08,20.139999,21.139999,19.764999,20.850000,19.059118,98500
2020-05-11,21.250000,21.379999,20.230000,21.020000,19.214518,100000
2020-05-12,21.389999,21.670000,20.816000,21.280001,19.452183,103300
2020-05-13,21.080000,21.080000,19.125000,19.559999,17.879921,104000
2020-05-14,19.260000,20.260000,18.709999,20.219999,18.483231,86400
2020-05-15,20.000000,20.490000,19.707001,20.450001,18.693476,94600
2020-05-18,21.889999,22.930000,21.549999,22.450001,20.521687,124800
2020-05-19,22.430000,23.620001,21.997999,23.059999,21.079290,80500
2020-05-20,23.670000,24.160000,23.219999,23.420000,21.408367,99000
2020-05-21,23.400000,23.990000,23.379999,23.570000,21.545485,61200
2020-05-22,23.690001,23.790001,22.570000,23.120001,21.134138,81300
2020-05-26,24.090000,25.620001,23.450001,25.420000,23.236578,168900
2020-05-27,26.190001,27.000000,25.549999,26.000000,23.766764,144500
2020-05-28,26.240000,26.240000,25.209999,25.370001,23.190876,71500
2020-05-29,25.049999,25.190001,24.200001,24.530001,22.423027,111400
2020-06-01,24.680000,25.990000,24.430000,25.959999,23.730198,108900
2020-06-02,26.150000,26.170000,25.320000,25.530001,23.337137,96600
2020-06-03,26.010000,27.370001,26.010000,26.969999,24.653448,113200
2020-06-04,27.010000,28.389999,26.600000,28.150000,25.732090,113400
2020-06-05,29.639999,30.697001,28.360001,28.459999,26.015463,155800
2020-06-08,29.190001,31.840000,29.110001,31.760000,29.032015,240400
2020-06-09,30.990000,30.990000,29.299999,29.400000,26.874722,120700
2020-06-10,29.129999,29.129999,26.930000,27.240000,24.900257,126500
2020-06-11,25.230000,26.350000,25.020000,26.120001,23.876459,166800
2020-06-12,27.900000,28.200001,25.180000,25.900000,23.894907,128900
2020-06-15,25.160000,28.410000,24.760000,27.840000,25.684719,171300
2020-06-16,29.180000,29.740000,26.510000,27.170000,25.066591,162300
2020-06-17,27.440001,27.559999,26.209999,26.250000,24.217812,124700
2020-06-18,25.850000,27.260000,25.799999,27.100000,25.002008,188200
2020-06-19,27.370001,27.770000,26.120001,26.120001,24.097878,252700
2020-06-22,25.990000,26.350000,25.600000,25.959999,23.950258,142500
2020-06-23,26.270000,26.650000,26.059999,26.110001,24.088655,255000
2020-06-24,25.600000,26.280001,24.540001,25.959999,23.950258,146000
2020-06-25,25.620001,25.620001,24.709999,25.250000,23.295227,96200
2020-06-26,24.930000,25.375000,24.309999,24.350000,22.464901,220600
2020-06-29,24.570000,25.809999,24.139999,25.570000,23.590456,82200
2020-06-30,25.480000,25.809999,24.930000,25.600000,23.618134,118400
2020-07-01,25.700001,26.459999,25.469999,26.190001,24.162457,114700
2020-07-02,26.719999,26.790001,25.590000,25.610001,23.627361,135700
2020-07-06,26.209999,26.459999,25.520000,25.850000,23.848778,83400
2020-07-07,25.590000,25.590000,24.870001,25.230000,23.276777,83600
2020-07-08,24.870001,25.150000,24.459999,25.049999,23.110712,72700
2020-07-09,25.120001,25.160000,23.820000,24.340000,22.455677,87700
2020-07-10,24.490000,25.341999,24.049999,25.240000,23.286003,95400
2020-07-13,25.670000,26.299999,24.870001,25.799999,23.802649,120500
2020-07-14,25.590000,26.500000,25.333000,26.459999,24.411554,168100
2020-07-15,26.500000,27.580000,26.500000,27.299999,25.186523,79700
2020-07-16,27.190001,27.968000,26.750000,27.690001,25.546329,69300
2020-07-17,27.670000,27.790001,26.930000,27.340000,25.223427,62300
2020-07-20,27.350000,27.370001,26.370001,26.740000,24.669878,97100
2020-07-21,26.870001,27.320000,26.555000,26.670000,24.605297,59000
2020-07-22,26.620001,27.000000,26.332001,26.879999,24.799038,45000
2020-07-23,26.840000,27.180000,26.629999,26.940001,24.854395,57900
2020-07-24,26.709999,27.280001,26.320000,26.750000,24.679102,63000
2020-07-27,26.190001,26.559999,26.090000,26.500000,24.448460,76300
2020-07-28,26.260000,26.570000,26.010000,26.209999,24.180908,54300
2020-07-29,26.360001,27.094999,25.969999,27.030001,24.937428,32500
2020-07-30,26.570000,27.620001,26.118000,27.420000,25.297232,52400
2020-07-31,27.500000,27.900000,26.959999,27.740000,25.592461,56700
2020-08-03,27.750000,27.930000,27.049999,27.900000,25.740074,82100
2020-08-04,27.719999,28.799999,27.719999,28.650000,26.432013,72800
2020-08-05,29.000000,29.000000,27.740000,27.750000,25.601686,75700
2020-08-06,28.090000,29.370001,27.799999,28.680000,26.459690,137400
2020-08-07,28.440001,28.590000,27.420000,28.010000,25.841560,81500
2020-08-10,28.190001,28.639999,27.840000,28.350000,26.155235,118400
2020-08-11,28.700001,29.990000,28.540001,28.760000,26.533495,105000
2020-08-12,29.240000,29.545000,28.410000,28.809999,26.579624,93600
2020-08-13,28.639999,29.629999,28.270000,29.270000,27.004017,80700
2020-08-14,29.270000,30.860001,29.129999,30.360001,28.009630,133900
2020-08-17,30.379999,30.379999,29.620001,30.290001,27.945047,58700
2020-08-18,30.299999,31.520000,29.510000,30.120001,27.788210,154000
2020-08-19,30.049999,30.600000,30.020000,30.480000,28.120338,55400
2020-08-20,30.290001,30.290001,29.674000,29.799999,27.492979,53000
2020-08-21,30.000000,30.170000,29.520000,29.750000,27.446854,66900
2020-08-24,29.799999,30.750000,29.770000,30.660000,28.286407,54700
2020-08-25,30.700001,30.926001,30.110001,30.650000,28.277180,35500
2020-08-26,30.580000,30.799999,30.250000,30.780001,28.397116,34000
2020-08-27,30.959999,31.680000,30.719999,31.309999,28.886084,49000
2020-08-28,31.450001,31.450001,31.030001,31.230000,28.812275,27300
2020-08-31,31.260000,31.260000,30.540001,30.540001,28.175699,70000
2020-09-01,30.209999,30.740000,30.110001,30.610001,28.240276,40600
2020-09-02,30.780001,31.180000,30.370001,31.070000,28.664661,54100
2020-09-03,31.000000,31.830000,30.469999,30.809999,28.424791,92500
2020-09-04,31.000000,31.406000,30.530001,31.180000,28.766146,57700
2020-09-08,30.730000,31.576000,30.719999,31.110001,28.701569,46600
2020-09-09,31.230000,31.510000,30.760000,31.209999,28.793825,26300
2020-09-10,31.280001,32.189999,31.280001,32.070000,29.587246,75300
2020-09-11,32.090000,32.560001,31.610001,31.780001,29.319698,44000
2020-09-14,31.700001,32.759998,31.700001,32.540001,30.249302,46400
2020-09-15,32.459999,33.490002,32.459999,32.840000,30.528179,53000
2020-09-16,33.250000,33.910000,32.610001,33.310001,30.965096,67600
2020-09-17,32.910000,33.279999,32.369999,32.900002,30.583960,54300
2020-09-18,32.919998,33.180000,32.425999,33.009998,30.686211,95700
2020-09-21,32.240002,32.279999,31.350000,31.760000,29.524210,71900
2020-09-22,32.000000,32.470001,31.559999,31.969999,29.719423,42700
2020-09-23,31.969999,32.400002,30.840000,30.969999,28.789824,86300
2020-09-24,30.920000,31.625000,30.350000,30.889999,28.715454,80100
2020-09-25,30.870001,31.827000,30.680000,31.780001,29.542801,63300
2020-09-28,31.980000,32.259998,31.620001,31.910000,29.663651,57500
2020-09-29,31.830000,31.910000,30.879999,30.900000,28.724752,74500
2020-09-30,31.485001,31.485001,30.010000,30.290001,28.157692,56200
2020-10-01,30.340000,30.340000,29.264999,29.930000,27.823036,71700
2020-10-02,29.379999,30.459999,29.280001,29.980000,27.869516,39900
2020-10-05,30.490000,30.830000,30.139999,30.459999,28.315725,27400
2020-10-06,30.559999,31.605000,30.420000,30.540001,28.390097,44100
2020-10-07,30.809999,31.040001,30.610001,30.920000,28.743343,21900
2020-10-08,30.920000,31.559999,30.799999,31.559999,29.338287,30100
2020-10-09,31.990000,32.026001,30.870001,30.870001,28.696863,24400
2020-10-12,30.020000,30.809999,30.020000,30.410000,28.269245,49400
2020-10-13,30.000000,30.320000,29.240000,29.490000,27.414007,52400
2020-10-14,29.500000,29.760000,29.271000,29.299999,27.237387,37300
2020-10-15,29.320000,29.930000,29.309999,29.860001,27.757963,31400
2020-10-16,29.879999,30.059999,29.445000,30.040001,27.925289,32500
2020-10-19,30.240000,30.277000,28.934999,29.200001,27.144426,67100
2020-10-20,29.389999,29.684999,29.049999,29.379999,27.311752,38300
2020-10-21,29.379999,30.309999,29.100000,30.150000,28.027544,40900
2020-10-22,30.389999,31.280001,30.240000,30.760000,28.594606,49500
2020-10-23,31.040001,31.040001,30.350000,30.830000,28.659678,22700
2020-10-26,30.549999,30.900000,29.969999,30.299999,28.166990,34900
2020-10-27,30.150000,30.150000,29.610001,29.610001,27.525562,26500
2020-10-28,29.129999,29.659000,28.820000,28.930000,26.893431,78200
2020-10-29,28.750000,29.500000,28.750000,29.389999,27.321049,66200
2020-10-30,29.000000,29.860001,29.000000,29.860001,27.757963,48400
2020-11-02,29.959999,30.799999,29.490000,30.760000,28.594606,36300
2020-11-03,31.309999,31.680000,31.049999,31.290001,29.087296,31800
2020-11-04,31.000000,31.219999,30.629999,30.969999,28.789824,27700
2020-11-05,31.120001,32.419998,31.120001,32.419998,30.137747,33900
2020-11-06,32.680000,32.680000,30.230000,30.379999,28.241358,52600
2020-11-09,32.349998,32.470001,30.193001,30.500000,28.352911,71400
2020-11-10,30.830000,31.740000,30.370001,31.700001,29.468433,47700
2020-11-11,30.990000,31.715000,30.990000,31.610001,29.384769,18000
2020-11-12,31.400000,31.400000,30.370001,30.500000,28.352911,35500
2020-11-13,30.620001,31.820000,30.620001,31.690001,29.459141,37300
2020-11-16,31.990000,33.643002,31.990000,33.060001,30.732695,72500
2020-11-17,32.779999,34.049999,32.119999,33.830002,31.448488,57700
2020-11-18,34.240002,34.529999,33.665001,33.959999,31.569334,22200
2020-11-19,33.630001,34.849998,33.630001,34.790001,32.340908,41100
2020-11-20,34.720001,35.400002,34.500000,35.389999,32.898666,49000
2020-11-23,35.520000,36.720001,35.520000,36.000000,33.465729,49000
2020-11-24,36.000000,36.095001,35.400002,35.669998,33.158962,56400
2020-11-25,36.169998,36.169998,34.759998,35.930000,33.400661,47900
2020-11-27,35.650002,36.419998,35.650002,36.360001,33.800388,24500
2020-11-30,36.139999,36.689999,35.730000,36.480000,33.911938,50000
2020-12-01,36.910000,38.259998,36.830002,37.400002,34.767174,96800
2020-12-02,37.349998,37.619999,36.500000,37.299999,34.674213,36000
2020-12-03,37.490002,38.009998,37.209999,37.480000,34.841545,48900
2020-12-04,37.689999,37.980000,37.320000,37.849998,35.185497,29000
2020-12-07,37.900002,37.900002,37.075001,37.599998,34.953091,47200
2020-12-08,37.500000,38.355000,37.320000,37.599998,34.953091,32300
2020-12-09,37.849998,37.849998,37.000999,37.200001,34.581257,36000
2020-12-10,37.240002,37.455002,36.689999,36.840000,34.246597,29500
2020-12-11,36.570000,36.720001,35.900002,36.610001,34.032787,27700
2020-12-14,36.599998,36.669998,35.271000,35.360001,33.087696,90300
2020-12-15,35.720001,36.330002,35.419998,35.830002,33.527493,26300
2020-12-16,36.625000,37.290001,35.669998,36.610001,34.257366,47100
2020-12-17,36.490002,37.130001,36.270000,37.130001,34.743950,87500
2020-12-18,36.880001,36.880001,35.945000,36.369999,34.032784,84900
2020-12-21,35.660000,35.942001,35.205002,35.740002,33.443272,38900
2020-12-22,36.740002,36.740002,35.117001,35.950001,33.639778,51400
2020-12-23,35.750000,37.360001,35.645000,37.080002,34.697163,60600
2020-12-24,36.910000,37.110001,36.415001,37.029999,34.650375,17600
2020-12-28,37.029999,37.846001,37.029999,37.660000,35.239887,46900
2020-12-29,37.630001,37.710999,37.160000,37.470001,35.062096,41700
2020-12-30,37.169998,38.119999,37.169998,37.610001,35.193104,56500
2020-12-31,37.599998,38.080002,37.150002,37.820000,35.389610,48300
2021-01-04,38.169998,38.360001,37.040001,37.330002,34.931099,37000
2021-01-05,37.200001,37.590000,36.713001,37.389999,34.987240,51800
2021-01-06,38.340000,41.240002,38.209999,40.439999,37.841236,109200
2021-01-07,40.930000,41.000000,39.962002,40.650002,38.037743,46400
2021-01-08,40.790001,40.840000,40.110001,40.660000,38.047104,28300
2021-01-11,40.259998,41.869999,40.259998,41.549999,38.879910,46800
2021-01-12,41.439999,43.127998,41.340000,42.169998,39.460068,55300
2021-01-13,42.340000,43.799999,42.240002,43.520000,40.723309,38500
2021-01-14,43.520000,47.060001,43.290001,46.220001,43.249805,134400
2021-01-15,46.009998,46.470001,45.240002,45.849998,42.903580,74300
2021-01-19,45.000000,45.369999,43.720001,43.970001,41.144402,101800
2021-01-20,43.990002,44.500000,43.529999,43.889999,41.069534,57600
2021-01-21,44.360001,46.000000,44.360001,45.389999,42.473145,43500
2021-01-22,45.110001,46.200001,44.174999,46.000000,43.043938,47700
2021-01-25,46.139999,51.349998,46.139999,47.830002,44.756340,296000
2021-01-26,47.849998,52.060001,47.849998,51.779999,48.452507,188600
2021-01-27,52.130001,58.680000,52.020000,56.040001,52.438755,499900
2021-01-28,54.910000,56.009998,48.160000,50.400002,47.161190,246800
2021-01-29,51.090000,53.099998,48.345001,48.660000,45.533005,124300
2021-02-01,48.880001,52.549999,48.700001,52.380001,49.013954,177600
2021-02-02,51.119999,52.110001,49.849998,50.299999,47.067616,92900
2021-02-03,49.939999,52.380001,49.279999,52.130001,48.780014,57200
2021-02-04,50.520000,52.110001,49.599998,52.099998,48.751942,129200
2021-02-05,51.930000,54.849998,50.971001,54.060001,50.585995,76300
2021-02-08,53.189999,55.279999,52.900002,54.570000,51.063217,74100
2021-02-09,54.349998,55.450001,52.689999,55.029999,51.493652,72500
2021-02-10,55.000000,57.180000,54.610001,56.610001,52.972122,75400
2021-02-11,56.470001,57.759998,56.349998,57.240002,53.561638,75100
2021-02-12,57.009998,58.840000,57.009998,58.259998,54.516083,69100
2021-02-16,58.099998,59.520000,57.410000,59.270000,55.461185,108800
2021-02-17,58.580002,61.250000,58.580002,61.020000,57.098724,90800
2021-02-18,61.610001,62.945000,61.459999,62.189999,58.193539,90700
2021-02-19,62.450001,63.599998,62.299999,62.669998,58.642693,244500
2021-02-22,64.190002,67.099998,63.340000,66.000000,61.758686,171800
2021-02-23,66.500000,66.849998,63.290001,64.410004,60.270874,155300
2021-02-24,63.880001,66.080002,63.880001,65.529999,61.318901,141900
2021-02-25,66.970001,67.769997,61.980000,62.459999,58.446186,235100
2021-02-26,62.619999,64.815002,61.169998,64.260002,60.130516,228100
2021-03-01,65.059998,67.779999,64.489998,67.089996,62.778648,98000
2021-03-02,67.050003,69.099998,66.910004,68.639999,64.229042,111400
2021-03-03,69.040001,72.430000,69.040001,70.750000,66.203461,195900
2021-03-04,71.000000,72.279999,69.970001,71.830002,67.214058,244100
2021-03-05,71.480003,74.690002,69.940002,74.230003,69.459824,209800
2021-03-08,74.500000,84.820000,74.209999,83.680000,78.302551,284000
2021-03-09,83.750000,84.190002,77.110001,79.610001,74.494095,373700
2021-03-10,80.000000,83.389999,79.029999,82.800003,77.479095,150600
2021-03-11,83.000000,87.250000,82.910004,86.269997,80.726097,184500
2021-03-12,85.779999,95.199997,85.779999,94.760002,88.917892,370500
2021-03-15,94.620003,101.602997,93.870003,96.379997,90.438011,403100
2021-03-16,96.959999,99.000000,94.449997,96.129997,90.203430,197000
2021-03-17,93.949997,95.199997,86.260002,92.010002,86.337425,377300
2021-03-18,90.800003,97.989998,89.959999,96.629997,90.672600,417100
2021-03-19,95.540001,98.570000,95.540001,97.260002,91.263763,204400
2021-03-22,98.660004,100.279999,96.550003,100.250000,94.069427,171100
2021-03-23,92.930000,96.080002,90.440002,91.180000,85.558601,279700
2021-03-24,84.370003,85.059998,70.230003,70.349998,66.012810,359300
2021-03-25,66.940002,70.169998,64.790001,66.550003,62.447083,280900
2021-03-26,66.239998,66.239998,40.779999,49.509998,46.457626,1314900
2021-03-29,50.009998,51.029999,45.240002,47.040001,44.139908,1948500
2021-03-30,49.980000,51.009998,47.750000,49.330002,46.288727,1516900
2021-03-31,50.130001,50.250000,46.340000,47.169998,44.261894,834700
2021-04-01,48.000000,49.310001,47.171001,47.480000,44.552773,550900
2021-04-05,48.060001,48.060001,45.599998,46.759998,43.877171,450500
2021-04-06,46.759998,48.445000,46.279999,46.930000,44.036690,565900
2021-04-07,48.110001,49.000000,47.130001,47.570000,44.637226,406000
2021-04-08,47.720001,48.049999,46.161999,46.500000,43.633198,250200
2021-04-09,46.689999,47.500000,46.000000,46.860001,43.971004,317500
2021-04-12,47.389999,47.430000,44.615002,44.959999,42.188141,313000
2021-04-13,45.020000,46.110001,44.799999,45.480000,42.676083,212300
2021-04-14,45.360001,46.536999,44.599998,44.730000,41.972321,212000
2021-04-15,44.930000,45.328999,42.669998,43.090000,40.433426,354900
2021-04-16,42.580002,44.709999,42.580002,44.320000,41.587601,199000
2021-04-19,44.480000,45.082001,42.869999,43.200001,40.536652,143500
2021-04-20,42.959999,43.896999,41.689999,42.330002,39.720291,162700
2021-04-21,42.459999,45.200001,42.099998,45.150002,42.366432,175200
2021-04-22,46.500000,47.005001,44.980000,45.400002,42.601017,235600
2021-04-23,46.029999,46.750000,45.549999,46.540001,43.670734,163900
2021-04-26,46.790001,47.110001,45.650002,46.139999,43.295391,151200
2021-04-27,46.459999,47.660000,46.459999,47.160000,44.252510,188800
2021-04-28,47.150002,47.320000,46.060001,46.270000,43.417374,123100
2021-04-29,46.750000,47.189999,45.650002,46.310001,43.454910,155800
2021-04-30,46.150002,46.719002,45.084999,45.200001,42.413342,108800
2021-05-03,45.930000,45.930000,43.841999,43.990002,41.277946,98700
2021-05-04,44.009998,44.009998,42.810001,43.770000,41.071503,111500
2021-05-05,44.000000,44.119999,42.810001,43.209999,40.546028,100500
2021-05-06,44.150002,44.900002,42.698002,43.500000,40.818157,160300
2021-05-07,43.529999,44.884998,43.500000,44.320000,41.587601,108200
2021-05-10,44.320000,44.950001,43.811001,44.020000,41.306103,85200
2021-05-11,43.049999,44.389999,42.500999,44.250000,41.521915,73000
2021-05-12,43.810001,45.223999,43.220001,43.380001,40.705551,91700
2021-05-13,43.830002,45.174999,42.770000,43.029999,40.377129,71200
2021-05-14,43.500000,44.119999,43.150002,44.029999,41.315479,110400
2021-05-17,45.259998,45.709999,43.310001,43.500000,40.818157,138700
2021-05-18,43.910000,45.790001,43.901001,45.139999,42.357037,126800
2021-05-19,43.932999,44.650002,43.740002,44.049999,41.334248,108200
2021-05-20,45.369999,46.099998,44.750000,45.810001,42.985741,142200
2021-05-21,46.090000,46.580002,45.610001,45.970001,43.135876,94400
2021-05-24,46.020000,46.080002,44.889999,45.490002,42.685467,104000
2021-05-25,45.910000,46.070000,44.700001,45.009998,42.235058,138300
2021-05-26,45.189999,46.980000,44.955002,46.959999,44.064842,159100
2021-05-27,46.990002,47.644001,46.665001,47.400002,44.477715,91400
2021-05-28,47.320000,47.509998,46.389999,46.540001,43.670734,54000
2021-06-01,47.000000,47.181999,46.520000,46.630001,43.755184,55000
2021-06-02,46.900002,47.250999,45.910000,46.380001,43.520596,88200
2021-06-03,45.830002,46.119999,44.830002,46.060001,43.220325,118900
2021-06-04,46.099998,46.160000,45.560001,45.810001,42.985741,67900
2021-06-07,45.919998,46.000000,45.580002,45.980000,43.145260,59100
2021-06-08,46.060001,46.240002,45.188000,45.799999,42.976353,101200
2021-06-09,45.470001,46.939999,45.435001,46.320000,43.464298,75000
2021-06-10,46.570000,46.950001,45.410000,46.070000,43.229717,85800
2021-06-11,46.369999,46.860001,45.803001,46.860001,43.971004,56000
2021-06-14,46.549999,47.410000,46.470001,46.740002,44.084187,71300
2021-06-15,46.830002,47.119999,45.271999,45.580002,42.990097,75800
2021-06-16,45.439999,45.880001,45.099998,45.669998,43.074982,64700
2021-06-17,45.680000,45.903999,43.580002,44.070000,41.565895,122300
2021-06-18,43.680000,44.209999,43.200001,43.880001,41.386696,123800
2021-06-21,44.009998,44.639999,43.537998,44.580002,42.046921,73500
2021-06-22,44.570000,44.700001,43.985001,44.419998,41.896011,60100
2021-06-23,44.299999,46.307999,44.270000,45.680000,43.084415,134600
2021-06-24,45.820000,47.150002,45.400002,46.919998,44.253952,114800
2021-06-25,47.200001,48.619999,46.770000,48.529999,45.772480,300300
2021-06-28,48.869999,51.194000,48.820000,49.549999,46.734520,196900
2021-06-29,49.709999,49.759998,47.930000,48.000000,45.272591,138400
2021-06-30,47.880001,48.599998,47.119999,48.450001,45.697018,76800
2021-07-01,48.570000,48.970001,47.759998,48.209999,45.470654,76800
2021-07-02,48.209999,48.209999,46.880001,47.279999,44.593502,61800
2021-07-06,47.139999,47.330002,45.292000,46.299999,43.669189,69400
2021-07-07,46.220001,46.330002,45.500000,45.970001,43.357941,44600
2021-07-08,45.250000,45.250000,43.750000,44.500000,41.971462,60500
2021-07-09,45.029999,45.820000,44.580002,45.799999,43.197594,71200
2021-07-12,45.689999,46.880001,44.889999,46.369999,43.735207,89000
2021-07-13,45.990002,46.369999,45.419998,45.540001,42.952374,79000
2021-07-14,45.700001,45.917000,44.689999,45.139999,42.575092,55900
2021-07-15,44.820000,45.459999,44.109001,44.790001,42.244987,58700
2021-07-16,45.060001,45.105000,43.779999,44.000000,41.499874,72500
2021-07-19,43.279999,43.590000,42.759998,43.240002,40.783062,88900
2021-07-20,43.380001,44.250000,43.000000,44.250000,41.735672,89500
2021-07-21,44.290001,45.470001,44.259998,44.930000,42.377029,56700
2021-07-22,44.919998,45.169998,43.880001,44.389999,41.867714,59700
2021-07-23,44.540001,44.840000,44.084999,44.759998,42.216690,32900
2021-07-26,44.770000,46.320000,44.770000,46.230000,43.603161,124400
2021-07-27,45.860001,45.869999,44.849998,45.320000,42.744873,45000
2021-07-28,45.540001,45.939999,44.650002,45.459999,42.876911,45300
2021-07-29,45.959999,46.259998,45.419998,45.439999,42.858055,47900
2021-07-30,45.250000,45.570000,44.380001,44.529999,41.999760,58700
2021-08-02,44.880001,45.580002,44.330002,44.630001,42.094082,41200
2021-08-03,44.830002,44.900002,41.769001,42.619999,40.198284,245700
2021-08-04,42.520000,43.669998,42.520000,43.150002,40.698177,99100
2021-08-05,43.240002,46.219002,43.240002,46.029999,43.414524,68800
2021-08-06,46.389999,46.700001,45.520000,45.639999,43.046692,73800
2021-08-09,45.360001,45.360001,44.279999,44.869999,42.320438,62900
2021-08-10,45.230000,45.230000,44.513000,44.849998,42.301579,42600
2021-08-11,44.939999,45.680000,44.349998,45.259998,42.688278,80000
2021-08-12,45.310001,45.310001,43.930000,44.660000,42.122372,89200
2021-08-13,44.650002,44.990002,43.860001,43.869999,41.377262,102500
2021-08-16,43.590000,43.730000,42.900002,42.980000,40.537834,100300
2021-08-17,42.740002,43.290001,42.230000,43.080002,40.632153,72100
2021-08-18,44.220001,46.689999,44.099998,45.310001,42.735439,140800
2021-08-19,44.910000,45.084999,44.049999,44.080002,41.575336,84000
2021-08-20,44.200001,44.810001,43.930000,44.410000,41.886578,52300
2021-08-23,45.049999,45.466000,44.540001,45.099998,42.537373,78300
2021-08-24,45.060001,45.770000,44.790001,45.090000,42.527943,62700
2021-08-25,45.049999,45.689999,44.886002,45.660000,43.065552,66700
2021-08-26,45.650002,45.980000,44.200001,44.540001,42.009193,50000
2021-08-27,44.480000,45.609001,44.480000,45.500000,42.914642,34300
2021-08-30,45.520000,45.520000,44.028999,44.779999,42.235554,34700
2021-08-31,44.639999,46.126999,44.639999,45.980000,43.367371,41600
2021-09-01,46.200001,46.394001,45.550999,45.869999,43.263622,36500
2021-09-02,46.000000,46.389999,45.500000,46.000000,43.386230,50300
2021-09-03,46.090000,46.090000,45.290001,45.580002,42.990097,29900
2021-09-07,45.360001,46.340000,45.360001,45.849998,43.244751,31200
2021-09-08,45.599998,46.000000,45.119999,45.240002,42.669415,36000
2021-09-09,45.049999,45.320000,44.345001,44.630001,42.094082,31500
2021-09-10,44.759998,44.764999,43.759998,43.900002,41.405560,30400
2021-09-13,44.060001,45.090000,43.869999,44.830002,42.282715,41200
2021-09-14,44.599998,44.599998,42.880001,43.160000,40.926708,53600
2021-09-15,43.080002,44.490002,42.959999,44.490002,42.187889,36600
2021-09-16,44.369999,45.090000,44.102001,44.860001,42.538746,58200
2021-09-17,44.980000,45.077000,44.279999,44.340000,42.045650,64800
2021-09-20,43.389999,43.430000,42.360001,43.029999,40.803436,63200
2021-09-21,43.090000,43.590000,42.459999,42.549999,40.348274,61100
2021-09-22,42.610001,43.830002,42.610001,42.900002,40.680164,65800
2021-09-23,43.049999,44.092999,43.049999,43.830002,41.562042,36300
2021-09-24,43.660000,44.049999,43.250000,43.720001,41.457729,29300
2021-09-27,43.599998,44.590000,43.599998,44.080002,41.799110,58000
2021-09-28,43.919998,44.290001,43.549999,43.709999,41.448246,35000
2021-09-29,43.709999,43.930000,43.369999,43.529999,41.277565,67400
2021-09-30,43.709999,43.709999,42.000000,42.070000,39.893112,172600
2021-10-01,42.380001,42.849998,41.509998,42.490002,40.291382,117300
2021-10-04,42.680000,42.680000,41.820000,41.950001,39.779316,56800
2021-10-05,41.869999,42.730000,41.799999,42.450001,40.253448,61200
2021-10-06,41.930000,42.189999,41.450001,42.090000,39.912071,38000
2021-10-07,42.549999,43.360001,42.310001,42.680000,40.471546,36800
2021-10-08,42.974998,43.959999,42.529999,42.700001,40.490517,58900
2021-10-11,42.500000,42.695000,42.070000,42.250000,40.063797,27300
2021-10-12,42.345001,42.610001,41.720001,41.950001,39.779316,45200
2021-10-13,41.980000,42.389999,41.759998,42.209999,40.025867,29900
2021-10-14,42.660000,42.680000,42.080002,42.290001,40.101723,50900
2021-10-15,42.599998,42.599998,41.619999,41.619999,39.466396,36900
2021-10-18,41.430000,41.810001,41.090000,41.259998,39.125023,39700
2021-10-19,41.570000,41.779999,41.290001,41.759998,39.599148,54400
2021-10-20,41.810001,42.230000,41.509998,41.590000,39.437950,42400
2021-10-21,41.490002,42.000000,40.557999,40.580002,38.480209,65200
2021-10-22,40.580002,40.630001,39.869999,40.380001,38.290558,42900
2021-10-25,40.480000,40.553001,40.009998,40.290001,38.205215,34900
2021-10-26,40.310001,40.639999,39.770000,39.840000,37.778503,33500
2021-10-27,39.840000,40.000000,38.570000,38.590000,36.593178,64000
2021-10-28,38.680000,39.939999,38.500000,39.709999,37.655224,41300
2021-10-29,39.590000,39.730000,38.700001,38.930000,36.915588,43800
2021-11-01,39.240002,40.200001,39.220001,39.750000,37.693157,52500
2021-11-02,39.689999,40.020000,39.360001,40.020000,37.949184,40500
2021-11-03,40.000000,40.529999,39.845001,40.389999,38.300045,62400
2021-11-04,40.990002,40.990002,38.759998,38.919998,36.906105,81300
2021-11-05,38.919998,39.660000,38.209999,38.980000,36.962997,71300
2021-11-08,39.209999,39.209999,38.299999,38.500000,36.507835,64500
2021-11-09,38.509998,38.689999,37.810001,37.830002,35.872505,79800
2021-11-10,37.889999,39.230000,37.860001,38.160000,36.185429,94400
2021-11-11,38.250000,39.029999,37.777000,38.750000,36.744900,120700
2021-11-12,39.000000,39.290001,38.560001,38.730000,36.725937,87000
2021-11-15,39.009998,40.200001,39.009998,39.310001,37.275921,87500
2021-11-16,39.410000,39.410000,38.290001,38.290001,36.308704,74500
2021-11-17,38.290001,38.395000,37.930000,38.150002,36.175949,38200
2021-11-18,38.150002,38.360001,37.060001,37.389999,35.455273,76100
2021-11-19,37.209999,37.445000,36.549999,36.619999,34.725113,128600
2021-11-22,37.009998,37.009998,35.980000,36.439999,34.554428,75200
2021-11-23,36.705002,36.705002,35.599998,35.660000,33.814789,57500
2021-11-24,35.549999,36.349998,35.320000,36.049999,34.184612,39900
2021-11-26,35.049999,35.439999,34.799999,35.230000,33.407040,39500
2021-11-29,35.540001,35.540001,34.209999,34.779999,32.980328,65400
2021-11-30,34.560001,34.610001,33.119999,33.360001,31.633804,88400
2021-12-01,34.000000,34.290001,32.099998,32.110001,30.448488,91800
2021-12-02,32.180000,32.639999,31.830000,32.549999,30.865715,110100
2021-12-03,33.459999,34.270000,33.009998,34.119999,32.354473,75500
2021-12-06,34.430000,35.570000,34.119999,34.790001,32.989811,114200
2021-12-07,35.470001,36.209999,34.869999,35.070000,33.255322,133900
2021-12-08,35.230000,35.770000,35.029999,35.580002,33.738937,48200
2021-12-09,35.439999,35.750000,34.430000,34.439999,32.657921,54300
2021-12-10,34.599998,34.924000,34.270000,34.759998,32.961357,56600
2021-12-13,34.529999,34.709999,33.349998,33.529999,31.795006,77600
2021-12-14,33.119999,33.570000,32.680000,32.750000,31.279255,238000
2021-12-15,32.650002,32.720001,31.853001,32.650002,31.183750,91800
2021-12-16,33.000000,33.513000,32.709999,33.200001,31.709051,117000
2021-12-17,33.099998,33.500000,32.055000,33.200001,31.709051,308400
2021-12-20,33.279999,33.279999,31.799999,31.940001,30.505634,99300
2021-12-21,32.330002,33.740002,32.330002,32.750000,31.279255,131400
2021-12-22,32.590000,32.820000,32.160000,32.389999,30.935425,80100
2021-12-23,32.549999,34.380001,32.500000,34.279999,32.740543,78900
2021-12-27,34.299999,34.384998,33.240002,33.330002,31.833208,77500
2021-12-28,33.209999,34.180000,33.209999,33.369999,31.871412,85300
2021-12-29,33.230000,33.629002,32.881001,33.279999,31.785454,127800
2021-12-30,33.834999,35.290001,33.169998,34.630001,33.074829,171400
2021-12-31,34.520000,34.799999,33.349998,33.369999,31.871412,107100
2022-01-03,33.750000,36.375000,33.750000,35.939999,34.325996,93600
2022-01-04,36.270000,37.242001,35.950001,36.849998,35.195129,126300
2022-01-05,37.200001,37.990002,35.830002,36.049999,34.431061,135900
2022-01-06,36.419998,36.840000,35.500000,36.060001,34.440613,76000
2022-01-07,36.410000,39.000000,36.410000,38.900002,37.153072,115600
2022-01-10,39.840000,39.970001,38.150002,38.830002,37.086216,150400
2022-01-11,39.450001,39.490002,38.389999,39.029999,37.277233,100600
2022-01-12,39.439999,39.639999,38.639999,39.040001,37.286785,91000
2022-01-13,39.744999,41.000000,39.400002,40.529999,38.709869,138800
2022-01-14,40.090000,41.200001,39.689999,41.180000,39.330677,88200
2022-01-18,41.009998,41.799999,38.965000,39.360001,37.592411,111900
2022-01-19,39.330002,40.220001,38.680000,38.970001,37.219933,74300
2022-01-20,38.860001,39.509998,37.410000,37.529999,35.844597,60300
2022-01-21,35.570000,36.240002,34.360001,34.540001,32.988869,151400
2022-01-24,34.139999,35.580002,33.080002,35.540001,33.943966,163100
2022-01-25,35.000000,36.195000,34.270000,35.810001,34.201839,136100
2022-01-26,35.849998,36.438999,34.125000,34.700001,33.141689,80900
2022-01-27,34.990002,35.220001,34.220001,34.459999,32.912464,38300
2022-01-28,34.970001,36.209999,34.130001,36.209999,34.583874,74300
2022-01-31,36.200001,36.810001,35.279999,36.580002,34.937260,94200
2022-02-01,36.520000,37.430000,35.985001,36.869999,35.214237,75600
2022-02-02,37.000000,37.000000,35.799999,35.889999,34.278244,97700
2022-02-03,35.439999,37.195000,35.290001,36.220001,34.593426,71300
2022-02-04,36.220001,36.900002,35.709999,36.580002,34.937260,46000
2022-02-07,36.680000,37.519001,36.591000,37.180000,35.510311,48700
2022-02-08,37.220001,37.820000,36.910000,37.799999,36.102470,69700
2022-02-09,37.799999,39.040001,37.750000,39.040001,37.286785,51800
2022-02-10,38.709999,39.666000,38.490002,39.040001,37.286785,113100
2022-02-11,39.040001,39.930000,38.710999,39.220001,37.458702,69000
2022-02-14,39.099998,39.630001,37.980000,38.279999,36.560913,39900
2022-02-15,38.369999,39.310001,38.230000,39.230000,37.468250,74500
2022-02-16,33.570000,34.000000,31.180000,32.830002,31.355667,718100
2022-02-17,32.889999,33.985001,32.509998,33.000000,31.518026,104100
2022-02-18,33.000000,33.349998,31.700001,32.680000,31.212400,173600
2022-02-22,33.060001,33.209999,31.290001,31.360001,29.951679,187500
2022-02-23,31.730000,32.855000,31.500000,32.169998,30.725302,113000
2022-02-24,31.200001,32.709999,31.180000,32.590000,31.126440,119700
2022-02-25,32.650002,33.099998,31.740000,32.980000,31.498930,77000
2022-02-28,32.639999,34.549999,32.639999,34.049999,32.520878,157000
2022-03-01,34.020000,36.730000,33.869999,35.869999,34.259144,126900
2022-03-02,36.139999,39.610001,36.090000,39.060001,37.305893,237000
2022-03-03,37.080002,39.279999,37.080002,38.790001,37.048016,182700
2022-03-04,38.400002,38.790001,37.060001,37.410000,35.729984,94800
2022-03-07,37.650002,37.650002,36.419998,36.650002,35.004120,173700
2022-03-08,36.549999,38.540001,36.549999,36.820000,35.166477,54600
2022-03-09,37.549999,38.139999,36.630001,36.740002,35.090076,65100
2022-03-10,36.439999,36.880001,35.610001,36.310001,34.679386,50400
2022-03-11,36.570000,36.680000,35.570000,35.610001,34.010818,68500
2022-03-14,35.160000,39.219002,35.130001,38.630001,37.145550,146000
2022-03-15,38.560001,39.340000,37.520000,38.099998,36.635906,76000
2022-03-16,38.150002,39.330002,38.150002,39.330002,37.818649,60200
2022-03-17,39.000000,40.630001,38.750000,40.470001,38.914841,156600
2022-03-18,40.360001,40.549999,39.189999,39.259998,37.751331,282100
2022-03-21,39.790001,40.279999,38.490002,39.070000,37.568642,82000
2022-03-22,39.070000,41.119999,39.070000,40.220001,38.674450,83600
2022-03-23,40.200001,41.240002,39.919998,40.419998,38.866760,61500
2022-03-24,40.270000,40.700001,40.080002,40.459999,38.905228,60900
2022-03-25,40.459999,41.645000,40.395000,41.490002,39.895645,92000
2022-03-28,41.490002,41.869999,39.728001,40.250000,38.703293,40900
2022-03-29,40.669998,40.889999,40.340000,40.779999,39.212929,31500
2022-03-30,41.029999,41.250000,40.770000,40.919998,39.347546,49300
2022-03-31,40.750000,40.909000,40.029999,40.410000,38.857147,57300
2022-04-01,40.880001,40.880001,39.540001,40.259998,38.712910,87300
2022-04-04,40.020000,40.955002,39.160000,40.779999,39.212929,77300
2022-04-05,41.070000,41.070000,39.590000,39.619999,38.097504,43900
2022-04-06,39.560001,39.630001,38.175999,38.610001,37.126312,43700
2022-04-07,38.439999,38.439999,37.165001,37.970001,36.510910,61200
2022-04-08,37.080002,38.680000,37.080002,38.650002,37.164780,104200
2022-04-11,39.119999,39.759998,38.400002,38.470001,36.991695,82300
2022-04-12,38.759998,39.590000,38.560001,38.779999,37.289783,56000
2022-04-13,38.660000,39.080002,38.450001,38.840000,37.347481,32800
2022-04-14,39.259998,39.590000,38.480000,38.560001,37.078239,108800
2022-04-18,38.730000,38.730000,37.910000,38.189999,36.722454,36200
2022-04-19,37.759998,38.790001,37.759998,38.549999,37.068623,53000
2022-04-20,37.009998,37.009998,33.849998,35.369999,34.010818,106100
2022-04-21,35.500000,36.060001,34.148998,34.470001,33.145409,45300
2022-04-22,34.480000,34.650002,33.009998,33.250000,31.972284,63900
2022-04-25,33.099998,33.689999,32.570000,33.580002,32.289604,71100
2022-04-26,33.259998,33.259998,31.740000,31.760000,30.539543,61300
2022-04-27,31.900000,31.950001,30.840000,31.360001,30.154917,76600
2022-04-28,31.700001,31.910000,30.549999,31.559999,30.347227,70700
2022-04-29,31.530001,32.279999,31.530001,31.549999,30.337610,75000
2022-05-02,31.680000,33.200001,31.680000,32.970001,31.703043,73800
2022-05-03,32.000000,32.619999,30.110001,32.369999,31.126101,65600
2022-05-04,32.320000,32.799999,31.270000,32.560001,31.308804,65600
2022-05-05,32.360001,33.060001,31.680000,32.029999,30.799170,38100
2022-05-06,32.049999,32.049999,29.940001,30.209999,29.049105,74900
2022-05-09,29.879999,30.129999,29.240000,29.690001,28.549089,75800
2022-05-10,30.000000,30.530001,29.389999,29.740000,28.597166,62600
2022-05-11,29.820000,30.290001,29.000000,29.000000,27.885603,41000
2022-05-12,28.860001,30.110001,28.500000,29.330000,28.202921,117700
2022-05-13,29.760000,30.420000,29.520000,30.370001,29.202957,107100
2022-05-16,30.500000,30.709999,29.811001,30.120001,28.962564,53600
2022-05-17,32.770000,34.919998,32.570000,34.730000,33.395409,117100
2022-05-18,34.610001,35.529999,33.799999,33.939999,32.635769,52700
2022-05-19,33.619999,35.099998,33.619999,34.439999,33.116558,45500
2022-05-20,34.959999,35.150002,33.759998,34.849998,33.510803,73400
2022-05-23,35.279999,35.834999,34.560001,35.560001,34.193520,46300
2022-05-24,35.029999,35.029999,33.299999,34.119999,32.808853,31100
2022-05-25,33.910000,34.919998,33.910000,34.669998,33.337719,32400
2022-05-26,34.810001,35.279999,34.609001,34.919998,33.578110,39200
2022-05-27,35.000000,36.453999,34.919998,36.279999,34.885849,49800
2022-05-31,36.750000,36.970001,35.994999,36.860001,35.443565,60800
2022-06-01,36.919998,36.919998,34.230000,34.759998,33.424255,63100
2022-06-02,34.180000,34.180000,32.740002,33.689999,32.395378,53000
2022-06-03,33.360001,33.790001,32.950001,33.169998,31.895361,38200
2022-06-06,33.669998,33.669998,32.779999,32.889999,31.626118,26200
2022-06-07,32.599998,33.110001,32.430000,33.099998,31.828047,45800
2022-06-08,33.000000,33.616001,32.880001,33.180000,31.904978,21000
2022-06-09,33.000000,33.070000,31.840000,31.850000,30.626085,95700
2022-06-10,31.549999,31.655001,30.750000,30.750000,29.568356,39300
2022-06-13,30.139999,30.180000,28.059999,28.320000,27.231735,102700
2022-06-14,28.150000,28.540001,27.700001,28.000000,27.154150,60300
2022-06-15,28.250000,28.790001,28.070000,28.410000,27.551765,63800
2022-06-16,27.770000,27.889999,26.340000,26.559999,25.757652,80500
2022-06-17,26.650000,27.360001,26.450001,27.030001,26.213453,57000
2022-06-21,27.120001,27.850000,26.850000,26.930000,26.116474,67600
2022-06-22,26.719999,27.170000,26.690001,26.809999,26.000099,43900
2022-06-23,27.000000,27.000000,26.450001,26.900000,26.087381,43700
2022-06-24,27.219999,28.420000,27.219999,28.389999,27.532370,156800
2022-06-27,28.530001,28.740000,28.190001,28.559999,27.697231,49900
2022-06-28,28.830000,29.240000,28.030001,28.100000,27.251129,49300
2022-06-29,28.000000,28.000000,27.299999,27.900000,27.057171,74100
2022-06-30,27.670000,27.910000,27.129999,27.260000,26.436504,41600
2022-07-01,27.480000,28.009001,27.320000,27.840000,26.998985,28500
2022-07-05,27.500000,27.840000,26.680000,27.790001,26.950497,35600
2022-07-06,27.770000,27.900000,27.270000,27.790001,26.950497,29300
2022-07-07,28.070000,28.920000,28.070000,28.920000,28.046360,31100
2022-07-08,28.850000,28.889999,28.360001,28.510000,27.648745,29400
2022-07-11,28.080000,28.139999,27.010000,27.080000,26.261942,39000
2022-07-12,27.010000,28.389999,27.010000,28.030001,27.183247,38500
2022-07-13,27.660000,28.120001,27.280001,27.900000,27.057171,15000
2022-07-14,27.360001,27.360001,26.809999,27.010000,26.194059,18500
2022-07-15,27.670000,28.070000,27.309999,28.049999,27.202641,37600
2022-07-18,27.940001,28.254999,26.879999,27.590000,26.756536,52500
2022-07-19,27.879999,28.650000,27.629999,28.070000,27.222036,50500
2022-07-20,28.260000,29.240000,28.260000,29.070000,28.191828,34100
2022-07-21,28.730000,29.290001,28.580000,29.209999,28.327597,20400
2022-07-22,28.660000,28.770000,28.219999,28.410000,27.551765,27900
2022-07-25,28.600000,29.040001,28.500000,28.590000,27.726328,16800
2022-07-26,27.370001,27.700001,27.049999,27.240000,26.417109,26100
2022-07-27,27.469999,27.940001,27.280001,27.719999,26.882608,32500
2022-07-28,27.719999,27.719999,26.650000,27.629999,26.795328,46700
2022-07-29,27.559999,27.559999,26.430000,27.040001,26.223152,119400
2022-08-01,26.709999,27.469999,26.430000,27.360001,26.533485,53200
2022-08-02,27.360001,28.215000,27.237000,27.629999,26.795328,41000
2022-08-03,28.000000,28.820000,27.750000,28.639999,27.774817,53600
2022-08-04,27.840000,29.280001,27.150000,28.799999,27.929983,81900
2022-08-05,27.840000,27.840000,26.830000,27.510000,26.678953,66300
2022-08-08,27.980000,29.066999,27.980000,28.670000,27.803911,32700
2022-08-09,28.610001,29.020000,27.865999,28.090000,27.241432,45900
2022-08-10,28.309999,28.930000,28.139999,28.250000,27.396599,94300
2022-08-11,28.600000,29.910000,28.600000,29.150000,28.269411,44200
2022-08-12,29.379999,29.530001,28.920000,29.500000,28.608837,34000
2022-08-15,29.299999,30.440001,29.139999,29.750000,28.851286,64500
2022-08-16,30.160000,30.830000,29.670000,30.500000,29.578629,67200
2022-08-17,30.219999,30.219999,29.480000,29.520000,28.628235,33500
2022-08-18,29.500000,29.500000,28.750000,29.000000,28.123941,47900
2022-08-19,28.950001,29.240000,28.559999,29.010000,28.133638,36900
2022-08-22,28.850000,28.850000,27.480000,27.530001,26.698349,48100
2022-08-23,27.559999,27.809999,27.420000,27.549999,26.717745,24400
2022-08-24,27.420000,28.434999,27.420000,28.250000,27.396599,37500
2022-08-25,28.580000,29.059999,28.530001,29.059999,28.182129,27300
2022-08-26,29.059999,29.170000,27.959999,28.020000,27.173548,33000
2022-08-29,27.660000,27.936001,27.420000,27.480000,26.649858,18200
2022-08-30,27.750000,27.770000,26.350000,27.020000,26.203756,55300
2022-08-31,27.379999,27.379999,26.420000,26.420000,25.621880,28900
2022-09-01,26.379999,26.500000,25.900000,26.330000,25.534601,38000
2022-09-02,26.450001,26.670000,25.840000,25.879999,25.098194,45300
2022-09-06,26.180000,26.180000,24.980000,25.680000,24.904236,60800
2022-09-07,25.620001,25.930000,25.540001,25.740000,24.962421,37900
2022-09-08,25.580000,25.600000,25.180000,25.520000,24.749067,59100
2022-09-09,25.700001,26.570000,25.700001,26.570000,25.767351,36300
2022-09-12,26.850000,27.379999,26.841999,27.200001,26.378319,69000
2022-09-13,26.299999,26.480000,25.420000,25.440001,24.671488,80500
2022-09-14,25.320000,25.340000,24.219999,25.090000,24.563793,95900
2022-09-15,25.180000,26.549999,25.049999,26.200001,25.650515,55500
2022-09-16,26.309999,26.309999,24.840000,24.850000,24.328829,355800
2022-09-19,24.820000,25.559999,24.820000,25.559999,25.023935,86000
2022-09-20,25.379999,25.639999,25.070000,25.209999,24.681276,43300
2022-09-21,25.350000,25.350000,24.040001,24.049999,23.545603,62000
2022-09-22,24.100000,24.200001,23.400000,23.400000,22.909237,42700
2022-09-23,22.920000,23.230000,22.400000,22.750000,22.272869,88200
2022-09-26,22.570000,22.920000,22.110001,22.240000,21.773565,95200
2022-09-27,22.500000,22.780001,21.750000,21.820000,21.362375,41200
2022-09-28,21.950001,22.510000,21.870001,22.370001,21.900841,28700
2022-09-29,22.120001,22.120001,21.325001,21.490000,21.039295,57900
2022-09-30,21.580000,22.240000,21.490000,21.540001,21.088247,42700
2022-10-03,21.860001,22.379999,21.643000,22.290001,21.822517,45900
2022-10-04,22.450001,22.709999,22.000000,22.610001,22.135807,71200
2022-10-05,22.400000,22.400000,21.490000,22.129999,21.665871,43600
2022-10-06,22.219999,22.370001,21.600000,21.690001,21.235100,45000
2022-10-07,21.450001,21.650000,21.129999,21.250000,20.804329,111000
2022-10-10,21.520000,21.598000,21.118000,21.230000,20.784746,83700
2022-10-11,21.049999,21.459999,20.660000,21.010000,20.569361,133500
2022-10-12,21.110001,21.469999,20.660000,21.389999,20.941393,53300
2022-10-13,20.950001,22.174000,20.790001,22.139999,21.675661,47700
2022-10-14,22.350000,22.370001,21.540001,21.590000,21.137199,67200
2022-10-17,22.020000,22.480000,21.780001,22.100000,21.636501,62100
2022-10-18,22.450001,22.780001,22.219999,22.549999,22.077063,66300
2022-10-19,22.700001,23.020000,21.879999,22.000000,21.538599,62100
2022-10-20,22.219999,22.459999,21.889999,22.100000,21.636501,41700
2022-10-21,22.040001,22.520000,21.760000,22.160000,21.695244,94700
2022-10-24,22.200001,22.340000,21.690001,22.000000,21.538599,74500
2022-10-25,21.959999,22.745001,21.959999,22.610001,22.135807,50400
2022-10-26,22.500000,23.070000,22.250000,22.280001,21.812729,35200
2022-10-27,22.410000,22.410000,21.280001,21.350000,20.902231,68000
2022-10-28,21.490000,21.990000,21.350000,21.990000,21.528809,62500
2022-10-31,21.610001,21.610001,20.670000,21.080000,20.637894,132200
2022-11-01,21.070000,22.490000,21.070000,22.070000,21.607130,103200
2022-11-02,19.870001,20.510000,19.395000,19.450001,19.042082,240600
2022-11-03,19.270000,19.379999,18.190001,18.730000,18.337179,144800
2022-11-04,19.280001,19.280001,17.750000,18.010000,17.632280,143100
2022-11-07,18.150000,18.940001,18.110001,18.920000,18.523195,136400
2022-11-08,19.049999,20.070000,18.930000,19.330000,18.924597,83100
2022-11-09,18.940001,18.969999,18.096001,18.150000,17.769344,99600
2022-11-10,19.110001,20.000000,18.687000,19.420000,19.012709,90600
2022-11-11,19.549999,22.280001,19.260000,21.830000,21.372166,135400
2022-11-14,21.549999,22.059999,21.440001,21.520000,21.068666,51500
2022-11-15,23.000000,23.618999,22.120001,22.469999,21.998741,114000
2022-11-16,22.459999,22.485001,20.850000,21.070000,20.628103,113000
2022-11-17,20.650000,21.459999,20.134001,21.459999,21.009922,47800
2022-11-18,21.959999,22.070000,21.549999,21.690001,21.235100,56000
2022-11-21,22.010000,22.010000,21.230000,21.280001,20.833700,89100
2022-11-22,21.450001,21.865000,21.200001,21.830000,21.372166,144900
2022-11-23,21.799999,22.565001,21.799999,22.459999,21.988951,51400
2022-11-25,22.360001,22.770000,22.261000,22.709999,22.233709,17400
2022-11-28,22.440001,22.549999,21.840000,21.900000,21.440695,47700
2022-11-29,22.129999,22.570000,22.032000,22.500000,22.028112,50400
2022-11-30,22.670000,22.889999,21.889999,22.879999,22.400143,86000
2022-12-01,23.000000,23.240000,22.530001,22.850000,22.370773,54300
2022-12-02,22.350000,23.180000,22.350000,23.100000,22.615530,40600
2022-12-05,22.930000,22.959999,21.860001,22.000000,21.538599,100300
2022-12-06,21.950001,22.230000,20.070000,20.570000,20.138590,115400
2022-12-07,20.309999,20.809999,19.930000,20.340000,19.913416,129500
2022-12-08,20.600000,20.665001,20.200001,20.450001,20.021107,102000
2022-12-09,20.400000,21.709999,20.299999,21.690001,21.235100,151300
2022-12-12,21.690001,22.590000,21.410000,22.209999,21.744194,121200
2022-12-13,23.000000,23.500000,22.070000,22.219999,21.753984,247800
2022-12-14,22.150000,22.490000,21.670000,21.959999,21.734190,85000
2022-12-15,21.549999,21.639999,20.030001,20.090000,19.883419,108500
2022-12-16,20.000000,20.049999,19.420000,20.010000,19.804243,243200
2022-12-19,20.000000,20.000000,19.430000,19.790001,19.586506,142000
2022-12-20,19.709999,19.900000,19.205999,19.709999,19.507326,97700
2022-12-21,20.000000,20.150000,19.700001,19.809999,19.606298,76100
2022-12-22,19.549999,19.780001,18.969999,19.780001,19.576609,145400
2022-12-23,19.639999,19.754999,19.157000,19.410000,19.210411,76800
2022-12-27,19.370001,19.422001,18.780001,19.270000,19.071852,72900
2022-12-28,19.299999,19.319000,18.750000,18.790001,18.596788,87600
2022-12-29,19.010000,19.760000,18.980000,19.570000,19.368767,135800
2022-12-30,19.340000,19.639999,19.195000,19.610001,19.408356,148800
2023-01-03,20.330000,20.535000,19.635000,19.830000,19.626093,113600
2023-01-04,20.219999,21.590000,20.010000,21.520000,21.298716,123400
2023-01-05,21.240000,21.850000,20.940001,21.740000,21.516453,53500
2023-01-06,21.990000,22.309999,21.430000,22.270000,22.041004,58900
2023-01-09,22.090000,22.870001,22.090000,22.719999,22.486376,136600
2023-01-10,22.610001,23.280001,22.500000,23.180000,22.941647,83300
2023-01-11,23.200001,23.459999,22.770000,23.340000,23.100000,58300
2023-01-12,23.600000,23.820000,23.190001,23.690001,23.446402,42400
2023-01-13,23.360001,23.429001,23.070000,23.420000,23.179178,38200
2023-01-17,23.410000,24.200001,23.270000,24.010000,23.763111,70000
2023-01-18,24.150000,24.330000,23.250000,23.290001,23.050516,49100
2023-01-19,23.000000,23.129999,22.330000,22.750000,22.516068,95000
2023-01-20,23.100000,23.780001,22.610001,23.639999,23.396915,72900
2023-01-23,23.860001,24.790001,23.760000,24.580000,24.327250,59700
2023-01-24,24.440001,24.690001,24.270000,24.360001,24.109512,42000
2023-01-25,24.160000,25.530001,23.850000,25.440001,25.178408,93200
2023-01-26,25.680000,26.250000,25.434999,26.059999,25.792030,57100
2023-01-27,26.120001,26.969999,25.910000,26.790001,26.514526,65100
2023-01-30,26.379999,26.820000,26.080000,26.129999,25.861311,81300
2023-01-31,26.299999,26.709999,25.260000,26.650000,26.375965,114200
2023-02-01,26.570000,28.120001,26.450001,27.809999,27.524036,96300
2023-02-02,28.350000,29.510000,28.260000,28.770000,28.474165,88500
2023-02-03,27.889999,28.639999,27.809999,28.049999,27.761568,46200
2023-02-06,27.440001,27.740000,27.176001,27.389999,27.108355,45400
2023-02-07,27.219999,27.219999,26.080000,26.520000,26.247301,41600
2023-02-08,26.400000,26.590000,25.830000,25.900000,25.633677,184600
2023-02-09,26.430000,26.430000,25.049999,25.160000,24.901285,46200
2023-02-10,25.000000,25.290001,24.709999,24.860001,24.604372,54500
2023-02-13,24.860001,25.559999,24.480000,25.549999,25.287275,45600
2023-02-14,25.549999,25.709999,24.990000,25.670000,25.406042,39200
2023-02-15,26.320000,27.950001,26.049999,27.860001,27.573523,132400
2023-02-16,25.809999,27.570000,25.600000,26.670000,26.395760,114300
2023-02-17,26.690001,27.250000,26.610001,26.990000,26.712469,62200
2023-02-21,26.500000,26.510000,25.959999,26.059999,25.792030,35100
2023-02-22,26.180000,26.825001,26.143000,26.559999,26.286890,59700
2023-02-23,26.860001,26.910000,26.090000,26.730000,26.455141,31100
2023-02-24,25.950001,25.950001,24.910000,25.410000,25.148716,34300
2023-02-27,25.750000,25.840000,25.138000,25.320000,25.059641,44100
2023-02-28,25.209999,25.320000,24.320000,24.580000,24.327250,77400
2023-03-01,24.510000,25.010000,24.209999,24.879999,24.624165,29700
2023-03-02,24.790001,25.600000,24.790001,25.580000,25.316967,24100
2023-03-03,25.750000,26.049999,25.680000,25.940001,25.673265,30300
2023-03-06,26.180000,26.299999,25.340000,25.350000,25.089333,46200
2023-03-07,25.400000,25.510000,24.750000,24.799999,24.544987,28400
2023-03-08,25.059999,25.290001,24.575001,25.219999,24.960669,26700
2023-03-09,25.110001,25.299999,24.010000,24.090000,23.842289,22300
2023-03-10,24.000000,24.000000,22.770000,23.000000,22.763496,45700
2023-03-13,22.680000,23.200001,22.270000,22.740000,22.506170,68100
2023-03-14,23.120001,23.719999,22.799999,23.040001,22.803085,82000
2023-03-15,22.440001,23.180000,22.209999,23.059999,22.822880,52900
2023-03-16,23.049999,23.469999,22.750000,23.340000,23.100000,39200
2023-03-17,23.010000,23.280001,22.900000,23.059999,23.059999,51800
2023-03-20,23.330000,23.639000,23.129999,23.430000,23.430000,39300
2023-03-21,23.549999,24.834999,23.549999,24.750000,24.750000,37900
2023-03-22,24.930000,25.040001,24.129999,24.139999,24.139999,31500
2023-03-23,24.250000,24.969999,24.000000,24.219999,24.219999,26400
2023-03-24,23.920000,23.920000,23.165001,23.620001,23.620001,25400
2023-03-27,23.830000,24.448000,23.785000,24.240000,24.240000,25100