Date,Open,High,Low,Close,Adj Close,Volume
2021-06-30,46.000000,46.500000,41.110001,42.500000,42.500000,20587300
2021-07-01,44.279999,44.750000,39.939999,40.040001,40.040001,6293400
2021-07-02,42.110001,45.200001,41.330002,44.590000,44.590000,4635000
2021-07-06,45.810001,50.590000,45.529999,49.500000,49.500000,7135800
2021-07-07,52.980000,54.049999,49.799999,51.490002,51.490002,7092800
2021-07-08,50.000000,50.980000,45.250000,50.000000,50.000000,3722200
2021-07-09,51.380001,51.799999,48.250000,49.240002,49.240002,1495700
2021-07-12,50.500000,51.169998,48.410000,50.580002,50.580002,1445000
2021-07-13,50.630001,51.040001,47.330002,49.009998,49.009998,1468000
2021-07-14,49.009998,50.139999,44.990002,46.000000,46.000000,2561600
2021-07-15,47.060001,47.240002,42.799999,43.400002,43.400002,1686000
2021-07-16,43.500000,47.349998,43.209999,44.150002,44.150002,1608500
2021-07-19,43.910000,47.820000,43.020000,47.000000,47.000000,1757400
2021-07-20,47.240002,47.750000,45.263000,47.450001,47.450001,988400
2021-07-21,47.450001,49.310001,46.549999,47.099998,47.099998,931600
2021-07-22,46.349998,48.700001,45.820999,47.770000,47.770000,1011600
2021-07-23,48.090000,49.200001,46.060001,46.560001,46.560001,753000
2021-07-26,48.490002,50.380001,47.720001,49.500000,49.500000,1793300
2021-07-27,49.750000,50.029999,46.669998,47.599998,47.599998,1003700
2021-07-28,48.000000,50.869999,48.000000,49.810001,49.810001,1288300
2021-07-29,50.400002,51.740002,49.674000,50.560001,50.560001,1066900
2021-07-30,50.000000,55.290001,48.590000,49.310001,49.310001,2361100
2021-08-02,50.700001,53.029999,50.171001,51.970001,51.970001,1174800
2021-08-03,52.119999,53.500000,51.369999,51.869999,51.869999,1271300
2021-08-04,51.500000,51.959999,49.630001,50.060001,50.060001,1232300
2021-08-05,50.000000,52.700001,49.750000,52.500000,52.500000,1421000
2021-08-06,52.529999,53.090000,50.354000,50.889999,50.889999,921900
2021-08-09,51.080002,51.959999,49.700001,50.610001,50.610001,730600
2021-08-10,50.590000,51.250000,49.009998,49.310001,49.310001,1040600
2021-08-11,49.009998,49.125000,46.570000,46.639999,46.639999,1371700
2021-08-12,47.099998,50.330002,46.650002,49.680000,49.680000,929800
2021-08-13,49.680000,50.950001,48.884998,50.360001,50.360001,580500
2021-08-16,49.490002,50.279999,47.540001,49.349998,49.349998,887200
2021-08-17,48.500000,48.500000,46.250000,47.020000,47.020000,1319000
2021-08-18,47.240002,49.779999,47.240002,48.700001,48.700001,608800
2021-08-19,47.990002,51.500000,47.779999,50.360001,50.360001,925300
2021-08-20,50.009998,51.360001,49.130001,51.290001,51.290001,706900
2021-08-23,51.200001,56.000000,51.200001,53.130001,53.130001,2008800
2021-08-24,54.970001,59.119999,54.500000,56.700001,56.700001,2206100
2021-08-25,57.700001,60.110001,55.860001,59.389999,59.389999,1341000
2021-08-26,59.639999,64.029999,59.459999,61.009998,61.009998,2035000
2021-08-27,62.500000,66.000000,62.349998,64.900002,64.900002,1705900
2021-08-30,65.029999,66.660004,64.180000,65.190002,65.190002,1432900
2021-08-31,64.730003,65.559998,63.830002,63.930000,63.930000,1420300
2021-09-01,63.430000,68.699997,63.310001,67.260002,67.260002,1806200
2021-09-02,68.610001,68.769997,64.335999,64.779999,64.779999,1420500
2021-09-03,64.680000,69.421997,64.639999,69.040001,69.040001,1372600
2021-09-07,69.480003,73.470001,69.480003,71.010002,71.010002,2958200
2021-09-08,70.180000,70.650002,65.510002,68.239998,68.239998,4258500
2021-09-09,69.110001,72.949997,62.040001,66.040001,66.040001,5642500
2021-09-10,67.000000,68.000000,62.009998,63.750000,63.750000,3897800
2021-09-13,64.180000,64.440002,58.520000,61.000000,61.000000,3800100
2021-09-14,61.500000,62.887001,61.090000,62.099998,62.099998,1969700
2021-09-15,61.500000,67.550003,61.349998,67.510002,67.510002,2537600
2021-09-16,67.059998,72.760002,66.760002,72.750000,72.750000,3405600
2021-09-17,71.699997,72.400002,66.809998,69.250000,69.250000,7317900
2021-09-20,64.000000,66.660004,62.000000,63.880001,63.880001,3454600
2021-09-21,64.809998,65.190002,61.799999,64.160004,64.160004,3106900
2021-09-22,64.620003,65.519997,62.500000,64.360001,64.360001,1983500
2021-09-23,64.529999,65.000000,60.099998,60.869999,60.869999,3075000
2021-09-24,60.009998,62.340000,60.000000,61.060001,61.060001,1886000
2021-09-27,60.049999,60.535000,56.410000,57.099998,57.099998,3273900
2021-09-28,55.380001,56.959999,53.849998,55.650002,55.650002,11096600
2021-09-29,55.799999,58.770000,54.380001,54.380001,54.380001,5155900
2021-09-30,55.160000,56.279999,52.959999,53.570000,53.570000,3183500
2021-10-01,54.029999,55.900002,52.090000,55.240002,55.240002,2991500
2021-10-04,55.320000,55.494999,50.580002,51.369999,51.369999,2839900
2021-10-05,51.500000,53.880001,50.990002,51.349998,51.349998,1721500
2021-10-06,50.500000,53.939999,50.491001,53.490002,53.490002,2454300
2021-10-07,54.509998,59.000000,54.299999,56.759998,56.759998,2475800
2021-10-08,57.320000,57.939999,54.650002,54.650002,54.650002,1310100
2021-10-11,54.029999,54.939999,52.150002,52.389999,52.389999,1199600
2021-10-12,53.560001,56.490002,52.820000,54.939999,54.939999,1784200
2021-10-13,55.279999,59.750000,55.279999,59.060001,59.060001,1873100
2021-10-14,61.060001,62.939999,59.380001,60.000000,60.000000,1808600
2021-10-15,61.049999,61.119999,58.200001,59.580002,59.580002,936800
2021-10-18,59.610001,63.660000,59.580002,62.639999,62.639999,1328400
2021-10-19,63.610001,64.980003,61.259998,62.490002,62.490002,1472300
2021-10-20,63.000000,63.799999,61.230000,62.560001,62.560001,839100
2021-10-21,62.779999,67.959999,62.500000,65.760002,65.760002,1483900
2021-10-22,66.129997,66.269997,63.009998,63.790001,63.790001,982100
2021-10-25,64.070000,66.500000,63.189999,65.260002,65.260002,942500
2021-10-26,66.360001,67.779999,63.820000,66.000000,66.000000,1263800
2021-10-27,66.110001,68.500000,63.509998,63.790001,63.790001,1096200
2021-10-28,63.700001,64.797997,61.810001,64.010002,64.010002,1077400
2021-10-29,64.000000,67.250000,63.900002,66.400002,66.400002,1010600
2021-11-01,66.680000,67.199997,63.689999,66.970001,66.970001,1169000
2021-11-02,67.000000,70.669998,62.759998,64.230003,64.230003,1627400
2021-11-03,64.139999,66.300003,63.250000,65.830002,65.830002,782300
2021-11-04,65.790001,69.879997,65.309998,69.269997,69.269997,1671600
2021-11-05,69.500000,69.500000,63.880001,66.910004,66.910004,2038300
2021-11-08,66.779999,70.299004,66.470001,69.889999,69.889999,1662600
2021-11-09,70.519997,75.489998,68.610001,74.870003,74.870003,3345700
2021-11-10,72.580002,74.389999,68.500000,70.720001,70.720001,2741600
2021-11-11,72.169998,74.089996,71.510002,73.150002,73.150002,1069000
2021-11-12,74.370003,78.529999,74.347000,76.300003,76.300003,1927600
2021-11-15,76.870003,78.279999,71.150002,71.550003,71.550003,1775300
2021-11-16,72.000000,75.519997,71.779999,74.690002,74.690002,1301800
2021-11-17,75.000000,75.125000,71.360001,73.709999,73.709999,884800
2021-11-18,74.540001,74.879997,70.129997,72.129997,72.129997,1062100
2021-11-19,72.870003,75.500000,70.070000,70.300003,70.300003,1299400
2021-11-22,70.629997,70.800003,62.150002,64.029999,64.029999,2783500
2021-11-23,63.009998,65.589996,58.009998,58.259998,58.259998,3863900
2021-11-24,57.560001,59.720001,55.650002,58.439999,58.439999,3608100
2021-11-26,57.790001,59.990002,56.590000,57.630001,57.630001,1309400
2021-11-29,59.000000,59.439999,55.646999,58.070000,58.070000,2324800
2021-11-30,58.000000,59.540001,52.500000,53.970001,53.970001,3574800
2021-12-01,55.419998,55.973000,48.400002,48.570000,48.570000,3032500
2021-12-02,49.009998,52.047001,46.779999,50.040001,50.040001,5120700
2021-12-03,50.160000,50.500000,44.102001,46.230000,46.230000,3756700
2021-12-06,46.220001,46.869999,43.000000,45.009998,45.009998,3111200
2021-12-07,47.430000,52.400002,47.380001,51.040001,51.040001,7505000
2021-12-08,45.099998,49.369999,43.040001,48.599998,48.599998,12237300
2021-12-09,46.730000,48.880001,46.259998,48.110001,48.110001,13924400
2021-12-10,47.900002,50.450001,47.509998,50.299999,50.299999,8192200
2021-12-13,49.500000,50.340000,46.720001,47.160000,47.160000,8528400
2021-12-14,45.000000,47.110001,44.709999,46.470001,46.470001,5718300
2021-12-15,46.820000,50.549999,45.889999,50.090000,50.090000,5823400
2021-12-16,50.080002,51.500000,46.549999,47.369999,47.369999,5246600
2021-12-17,45.619999,48.470001,43.320000,47.970001,47.970001,6576800
2021-12-20,46.580002,49.610001,45.650002,49.150002,49.150002,3433400
2021-12-21,49.500000,51.080002,47.669998,50.299999,50.299999,3430300
2021-12-22,50.110001,52.810001,49.709999,51.689999,51.689999,3632800
2021-12-23,51.970001,52.520000,48.939999,51.599998,51.599998,2544000
2021-12-27,52.000000,53.970001,51.610001,53.200001,53.200001,1991300
2021-12-28,53.299999,53.549999,51.139999,52.220001,52.220001,1493600
2021-12-29,51.990002,52.169998,49.130001,50.630001,50.630001,2061300
2021-12-30,50.540001,53.290001,49.880001,52.310001,52.310001,1753600
2021-12-31,52.049999,53.150002,50.250000,50.490002,50.490002,2399900
2022-01-03,52.000000,52.290001,46.669998,47.619999,47.619999,6302600
2022-01-04,47.220001,47.750000,44.509998,46.560001,46.560001,3665400
2022-01-05,46.029999,47.000000,43.349998,43.610001,43.610001,3919700
2022-01-06,42.860001,44.999001,41.419998,43.340000,43.340000,5350800
2022-01-07,43.459999,45.439999,42.636002,44.330002,44.330002,3526200
2022-01-10,42.759998,46.099998,40.740002,45.869999,45.869999,5173700
2022-01-11,44.540001,49.029999,44.000000,48.880001,48.880001,3459800
2022-01-12,49.150002,50.105999,46.849998,46.990002,46.990002,3777400
2022-01-13,47.119999,47.400002,41.840000,42.209999,42.209999,4409100
2022-01-14,41.970001,43.208000,41.250000,42.680000,42.680000,3177500
2022-01-18,41.650002,43.480000,40.840000,41.200001,41.200001,3003300
2022-01-19,41.049999,43.000000,40.650002,41.380001,41.380001,2282200
2022-01-20,42.560001,44.799999,41.720001,41.840000,41.840000,4032900
2022-01-21,41.230000,42.480000,39.790001,40.110001,40.110001,6309600
2022-01-24,38.480000,41.605000,35.900002,41.490002,41.490002,5315800
2022-01-25,39.509998,41.299999,37.500000,39.259998,39.259998,3828500
2022-01-26,40.930000,44.799999,39.599998,39.930000,39.930000,4692200
2022-01-27,41.380001,41.687000,38.330002,38.439999,38.439999,2321900
2022-01-28,38.830002,40.669998,36.599998,40.540001,40.540001,2582400
2022-01-31,41.880001,44.950001,41.500000,44.750000,44.750000,2669000
2022-02-01,44.959999,46.939999,43.270000,46.889999,46.889999,2418700
2022-02-02,45.410000,46.270000,43.220001,43.889999,43.889999,2763100
2022-02-03,41.810001,43.209999,40.900002,40.900002,40.900002,2384600
2022-02-04,41.430000,43.619999,40.900002,42.849998,42.849998,2050600
2022-02-07,43.000000,46.189999,42.950001,43.669998,43.669998,2263900
2022-02-08,42.369999,44.029999,41.750000,43.340000,43.340000,4225800
2022-02-09,43.700001,46.985001,43.660000,46.560001,46.560001,3963700
2022-02-10,43.790001,48.459999,42.810001,46.430000,46.430000,4671900
2022-02-11,46.369999,47.169998,44.419998,45.080002,45.080002,2786000
2022-02-14,44.070000,46.000000,43.040001,44.200001,44.200001,2666300
2022-02-15,44.500000,46.020000,43.349998,45.990002,45.990002,3353200
2022-02-16,46.049999,46.139999,44.049999,44.880001,44.880001,2540700
2022-02-17,44.099998,44.630001,41.009998,41.259998,41.259998,2891200
2022-02-18,41.500000,42.240002,38.580002,38.990002,38.990002,7466500
2022-02-22,38.529999,40.220001,37.334999,37.509998,37.509998,2618600
2022-02-23,35.820000,38.150002,34.029999,34.090000,34.090000,6661500
2022-02-24,32.090000,39.419998,31.830000,39.130001,39.130001,7522800
2022-02-25,38.099998,40.169998,37.549999,38.820000,38.820000,4027500
2022-02-28,39.570000,42.220001,38.770000,41.500000,41.500000,4542500
2022-03-01,42.419998,44.740002,41.869999,42.020000,42.020000,4256700
2022-03-02,42.189999,43.020000,40.129002,42.770000,42.770000,3438900
2022-03-03,42.090000,42.299999,39.419998,41.049999,41.049999,3747000
2022-03-04,39.000000,39.799999,36.270000,36.740002,36.740002,5617100
2022-03-07,37.500000,38.580002,33.680000,33.919998,33.919998,4542300
2022-03-08,34.000000,34.520000,32.099998,32.290001,32.290001,5336600
2022-03-09,32.730000,35.029999,32.169998,34.639999,34.639999,6544600
2022-03-10,34.750000,36.150002,33.889999,35.240002,35.240002,5604500
2022-03-11,34.419998,35.279999,32.610001,32.910000,32.910000,4710700
2022-03-14,32.950001,33.730000,29.299999,29.549999,29.549999,9201500
2022-03-15,30.510000,31.750000,29.670000,30.889999,30.889999,9695000
2022-03-16,30.770000,36.830002,30.770000,35.049999,35.049999,14845600
2022-03-17,33.580002,38.000000,33.580002,37.669998,37.669998,8896900
2022-03-18,37.090000,40.669998,36.919998,40.570000,40.570000,27709100
2022-03-21,39.119999,40.299999,37.827000,38.480000,38.480000,6007700
2022-03-22,39.560001,42.099998,38.599998,41.270000,41.270000,5099400
2022-03-23,40.200001,42.294998,39.160000,41.700001,41.700001,3761700
2022-03-24,41.439999,42.799999,40.330002,42.380001,42.380001,2425600
2022-03-25,42.840000,42.840000,39.040001,40.480000,40.480000,3178500
2022-03-28,40.540001,41.529999,39.558998,40.459999,40.459999,2118100
2022-03-29,40.160000,41.150002,38.259998,40.779999,40.779999,4468300
2022-03-30,40.410000,41.000000,38.549999,38.869999,38.869999,2945700
2022-03-31,38.930000,40.529999,37.939999,38.740002,38.740002,2021000
2022-04-01,38.810001,39.410000,38.099998,38.880001,38.880001,2396600
2022-04-04,39.380001,41.680000,39.060001,41.540001,41.540001,4644200
2022-04-05,41.540001,41.549999,37.650002,38.220001,38.220001,4318300
2022-04-06,37.410000,37.430000,34.560001,35.450001,35.450001,4714400
2022-04-07,35.750000,36.953999,34.740002,35.279999,35.279999,3409500
2022-04-08,35.070000,35.150002,33.919998,34.020000,34.020000,3546000
2022-04-11,33.270000,34.910000,32.790001,34.049999,34.049999,5572000
2022-04-12,34.840000,35.980000,33.980000,34.040001,34.040001,3573500
2022-04-13,34.040001,38.570000,33.700001,38.349998,38.349998,4263900
2022-04-14,37.599998,37.950001,36.740002,37.119999,37.119999,2810500
2022-04-18,37.000000,37.790001,35.779999,36.490002,36.490002,2951400
2022-04-19,36.400002,38.310001,35.730000,37.930000,37.930000,1903800
2022-04-20,38.189999,38.290001,35.610001,36.230000,36.230000,2824900
2022-04-21,36.500000,37.360001,33.185001,33.529999,33.529999,3517000
2022-04-22,33.799999,34.500000,32.560001,32.680000,32.680000,2448200
2022-04-25,32.070000,35.639999,31.961000,35.380001,35.380001,4191800
2022-04-26,34.830002,35.340000,33.730000,34.110001,34.110001,2925200
2022-04-27,34.130001,35.325001,32.680000,33.299999,33.299999,3210600
2022-04-28,33.340000,35.459999,32.549999,34.930000,34.930000,1851200
2022-04-29,34.970001,36.500000,33.119999,33.270000,33.270000,1535600
2022-05-02,32.990002,33.970001,32.334999,33.790001,33.790001,1592200
2022-05-03,33.270000,34.750000,31.950001,32.470001,32.470001,1956000
2022-05-04,32.570000,32.980000,29.559999,32.799999,32.799999,3924200
2022-05-05,31.879999,32.320000,28.955000,29.290001,29.290001,2666000
2022-05-06,28.610001,28.610001,25.459999,26.110001,26.110001,5066700
2022-05-09,25.209999,25.500000,21.590000,21.940001,21.940001,5917300
2022-05-10,22.830000,24.000000,20.629999,21.709999,21.709999,5161500
2022-05-11,21.389999,22.340000,19.570000,19.639999,19.639999,4201900
2022-05-12,18.870001,23.480000,18.639999,21.510000,21.510000,5864800
2022-05-13,22.219999,26.694000,22.219999,24.049999,24.049999,9404600
2022-05-16,23.080000,24.250000,22.090000,22.420000,22.420000,3254200
2022-05-17,23.090000,23.959999,21.250000,22.959999,22.959999,2436400
2022-05-18,22.500000,22.840000,21.059999,21.590000,21.590000,2455400
2022-05-19,21.639999,24.190001,21.629999,23.490000,23.490000,3098500
2022-05-20,24.490000,25.430000,23.200001,24.770000,24.770000,3981700
2022-05-23,24.080000,24.910000,23.299999,24.040001,24.040001,2263900
2022-05-24,23.480000,23.559999,21.750000,22.090000,22.090000,2305100
2022-05-25,22.160000,23.790001,22.160000,23.620001,23.620001,2784500
2022-05-26,23.090000,25.450001,23.010000,24.750000,24.750000,2680700
2022-05-27,25.000000,27.180000,25.000000,26.969999,26.969999,3079700
2022-05-31,26.990000,27.260000,23.730000,23.790001,23.790001,4954600
2022-06-01,24.100000,25.260000,23.400000,24.639999,24.639999,5263000
2022-06-02,23.150000,26.299999,23.100000,25.180000,25.180000,7157900
2022-06-03,24.850000,24.850000,23.495001,23.910000,23.910000,4899700
2022-06-06,24.209999,24.740000,22.719999,23.070000,23.070000,4406100
2022-06-07,22.799999,24.700001,22.690001,24.250000,24.250000,3323900
2022-06-08,24.670000,26.219999,24.600000,25.690001,25.690001,4042500
2022-06-09,25.160000,26.120001,24.230000,24.410000,24.410000,3156900
2022-06-10,23.610001,23.959999,22.030001,22.530001,22.530001,3696100
2022-06-13,21.389999,21.799999,20.030001,21.139999,21.139999,6031100
2022-06-14,21.510000,22.700001,20.924999,21.799999,21.799999,3858700
2022-06-15,22.059999,23.020000,21.330000,22.100000,22.100000,6240400
2022-06-16,21.120001,22.150000,20.840000,21.740000,21.740000,6713100
2022-06-17,21.850000,23.440001,21.660000,23.270000,23.270000,13620100
2022-06-21,23.660000,25.170000,23.150000,23.660000,23.660000,4873900
2022-06-22,22.920000,24.260000,22.885000,23.330000,23.330000,3986100
2022-06-23,23.610001,25.770000,23.299999,25.600000,25.600000,4455100
2022-06-24,25.600000,26.650000,25.219999,26.490000,26.490000,13502200
2022-06-27,26.490000,26.670000,24.860001,25.379999,25.379999,3657100
2022-06-28,25.250000,25.841000,24.330000,24.719999,24.719999,3482700
2022-06-29,24.590000,25.040001,24.167999,24.650000,24.650000,2170800
2022-06-30,24.389999,24.389999,23.030001,23.330000,23.330000,3273600
2022-07-01,23.500000,24.340000,22.889999,23.480000,23.480000,2377500
2022-07-05,23.129999,25.250000,22.600000,25.190001,25.190001,3367200
2022-07-06,25.490000,26.020000,24.530001,25.100000,25.100000,2439200
2022-07-07,25.010000,26.245001,24.940001,26.190001,26.190001,2916200
2022-07-08,25.700001,27.719000,25.309999,26.809999,26.809999,3022100
2022-07-11,27.410000,28.000000,25.540001,26.280001,26.280001,3820100
2022-07-12,26.340000,27.420000,23.650000,23.809999,23.809999,4236400
2022-07-13,23.010000,24.260000,22.500000,23.799999,23.799999,3654200
2022-07-14,23.510000,23.879999,22.440001,22.490000,22.490000,3335200
2022-07-15,22.969999,23.860001,22.690001,23.840000,23.840000,6863600
2022-07-18,24.480000,25.415001,24.330000,24.520000,24.520000,3609100
2022-07-19,24.830000,25.230000,24.180000,25.020000,25.020000,2392000
2022-07-20,25.080000,26.540001,24.950001,26.250000,26.250000,2232900
2022-07-21,26.000000,26.570000,25.385000,26.480000,26.480000,1557100
2022-07-22,26.500000,27.250000,24.860001,25.559999,25.559999,1666800
2022-07-25,25.370001,25.370001,24.280001,24.629999,24.629999,1600000
2022-07-26,24.559999,24.610001,22.690001,23.010000,23.010000,1921000
2022-07-27,23.740000,24.680000,23.469999,24.530001,24.530001,1617400
2022-07-28,24.500000,25.260000,23.889999,25.090000,25.090000,2055200
2022-07-29,25.090000,25.400000,24.330000,24.850000,24.850000,1671800
2022-08-01,24.370001,25.530001,23.840000,24.809999,24.809999,1704500
2022-08-02,24.469999,25.709999,24.450001,25.200001,25.200001,2610600
2022-08-03,25.750000,27.230000,25.600000,27.100000,27.100000,2667800
2022-08-04,26.840000,27.040001,25.650000,26.260000,26.260000,2315100
2022-08-05,25.610001,26.730000,25.330000,26.360001,26.360001,2112700
2022-08-08,26.450001,28.480000,26.400000,27.260000,27.260000,3306900
2022-08-09,26.799999,26.980000,25.055000,25.110001,25.110001,1958500
2022-08-10,26.620001,28.170000,26.620001,28.110001,28.110001,3083500
2022-08-11,28.990000,29.120001,27.190001,27.260000,27.260000,2516700
2022-08-12,27.520000,28.070000,26.900000,28.040001,28.040001,1636500
2022-08-15,27.500000,28.930000,27.320000,28.900000,28.900000,1963100
2022-08-16,29.200001,29.846001,27.799999,28.620001,28.620001,3052700
2022-08-17,28.150000,28.190001,27.010000,27.740000,27.740000,2191100
2022-08-18,27.570000,28.260000,27.110001,27.830000,27.830000,1243500
2022-08-19,27.490000,27.590000,26.080000,26.379999,26.379999,1951500
2022-08-22,25.920000,26.260000,25.379000,26.209999,26.209999,2061200
2022-08-23,27.000000,28.660000,26.934000,27.780001,27.780001,2627000
2022-08-24,27.700001,29.094999,27.500000,28.400000,28.400000,2286100
2022-08-25,28.900000,29.469999,28.080000,28.809999,28.809999,2656600
2022-08-26,28.760000,28.830000,27.500000,27.760000,27.760000,1683700
2022-08-29,27.360001,28.219999,27.299999,27.920000,27.920000,2418700
2022-08-30,28.250000,28.760000,27.299999,27.870001,27.870001,2376400
2022-08-31,28.299999,30.000000,27.160000,27.309999,27.309999,5900800
2022-09-01,27.790001,27.889999,23.600000,25.700001,25.700001,8440000
2022-09-02,26.389999,26.590000,24.900000,25.290001,25.290001,3970200
2022-09-06,25.400000,25.680000,24.510000,25.000000,25.000000,2156000
2022-09-07,24.930000,25.980000,24.610001,25.700001,25.700001,1973400
2022-09-08,25.320000,26.990000,25.309999,26.629999,26.629999,2318400
2022-09-09,27.120001,28.629999,27.120001,28.049999,28.049999,3106800
2022-09-12,28.389999,29.440001,28.330000,29.330000,29.330000,2729000
2022-09-13,26.860001,28.000000,26.850000,27.740000,27.740000,3164800
2022-09-14,27.690001,28.200001,27.157000,28.010000,28.010000,2391800
2022-09-15,27.690001,28.629999,27.459999,27.860001,27.860001,1964800
2022-09-16,27.059999,27.110001,26.110001,26.469999,26.469999,6118200
2022-09-19,26.330000,27.584999,26.049999,27.480000,27.480000,1699600
2022-09-20,27.219999,27.700001,26.665001,26.950001,26.950001,1524400
2022-09-21,27.120001,27.945000,26.600000,26.740000,26.740000,2010700
2022-09-22,26.549999,26.990000,24.860001,24.889999,24.889999,2548300
2022-09-23,24.389999,24.950001,24.080000,24.790001,24.790001,1680300
2022-09-26,24.700001,25.870001,24.700001,25.270000,25.270000,1900500
2022-09-27,26.000000,26.750000,25.320000,25.760000,25.760000,2178000
2022-09-28,25.740000,26.660000,25.600000,26.530001,26.530001,1724800
2022-09-29,25.879999,26.122000,24.900000,26.010000,26.010000,1884900
2022-09-30,25.900000,26.620001,25.270000,25.559999,25.559999,2573900
2022-10-03,25.700001,26.350000,25.059999,26.030001,26.030001,2586500
2022-10-04,26.830000,28.139999,26.780001,27.629999,27.629999,2975600
2022-10-05,26.920000,27.860001,26.629999,27.690001,27.690001,1698400
2022-10-06,27.549999,28.590000,27.520000,27.680000,27.680000,1776100
2022-10-07,26.990000,27.270000,26.110001,26.540001,26.540001,2024500
2022-10-10,26.490000,26.700001,23.670000,24.090000,24.090000,3577900
2022-10-11,24.030001,24.155001,21.820000,23.100000,23.100000,5859700
2022-10-12,23.100000,23.209999,21.809999,22.450001,22.450001,3730700
2022-10-13,21.350000,22.129000,20.410000,21.780001,21.780001,4646200
2022-10-14,22.200001,22.440001,20.290001,20.719999,20.719999,3270600
2022-10-17,21.299999,22.680000,21.299999,22.530001,22.530001,3920300
2022-10-18,23.510000,23.770000,22.590000,22.930000,22.930000,2537000
2022-10-19,22.469999,22.680000,21.485001,21.650000,21.650000,2220100
2022-10-20,21.799999,23.139999,21.799999,22.680000,22.680000,2738400
2022-10-21,22.500000,23.180000,21.980000,22.639999,22.639999,4148800
2022-10-24,22.500000,22.719999,21.820000,22.360001,22.360001,1979600
2022-10-25,22.639999,23.865000,22.639999,23.709999,23.709999,2293600
2022-10-26,22.990000,24.719999,22.430000,23.580000,23.580000,2457100
2022-10-27,23.830000,24.360001,22.941000,23.290001,23.290001,1846200
2022-10-28,23.049999,23.700001,22.670000,23.420000,23.420000,2001500
2022-10-31,23.129999,23.590000,22.730000,22.840000,22.840000,2291800
2022-11-01,23.190001,24.200001,22.200001,22.200001,22.200001,1967900
2022-11-02,22.150000,22.226000,20.600000,20.850000,20.850000,3500500
2022-11-03,20.590000,21.120001,19.879999,19.980000,19.980000,4839500
2022-11-04,20.270000,20.280001,17.190001,17.639999,17.639999,5978100
2022-11-07,17.780001,17.940001,16.010000,16.639999,16.639999,6291300
2022-11-08,16.750000,17.830000,16.450001,16.990000,16.990000,4496800
2022-11-09,16.530001,16.600000,15.430000,15.460000,15.460000,4913800
2022-11-10,17.129999,18.389999,16.940001,17.799999,17.799999,7001900
2022-11-11,17.799999,19.690001,17.660000,19.049999,19.049999,6237600
2022-11-14,18.879999,19.000000,17.780001,18.219999,18.219999,5228700
2022-11-15,19.299999,19.799999,18.780001,19.299999,19.299999,5658800
2022-11-16,18.790001,19.049999,17.215000,17.430000,17.430000,4419900
2022-11-17,16.959999,17.510000,16.650000,16.910000,16.910000,3436200
2022-11-18,17.709999,17.709999,16.600000,16.639999,16.639999,2326900
2022-11-21,16.370001,16.584999,15.980000,16.180000,16.180000,2101500
2022-11-22,16.000000,16.344999,15.600000,16.330000,16.330000,2731000
2022-11-23,16.350000,16.770000,16.010000,16.480000,16.480000,2099300
2022-11-25,16.309999,16.469999,16.180000,16.320000,16.320000,789300
2022-11-28,16.090000,16.240000,15.750000,16.059999,16.059999,2641400
2022-11-29,16.020000,16.190001,15.350000,15.450000,15.450000,2786600
2022-11-30,14.290000,14.630000,13.270000,14.500000,14.500000,10345300
2022-12-01,14.620000,15.680000,14.585000,15.030000,15.030000,5568000
2022-12-02,14.490000,14.800000,14.160000,14.780000,14.780000,5192400
2022-12-05,14.620000,14.980000,14.050000,14.250000,14.250000,5769000
2022-12-06,14.250000,14.580000,13.745000,14.100000,14.100000,7330000
2022-12-07,14.010000,14.640000,12.800000,13.970000,13.970000,8643500
2022-12-08,14.020000,15.460000,13.780000,15.240000,15.240000,8132700
2022-12-09,15.100000,15.770000,15.100000,15.370000,15.370000,3679500
2022-12-12,15.380000,16.100000,15.371000,15.880000,15.880000,5474700
2022-12-13,17.080000,17.340000,15.320000,15.630000,15.630000,5116600
2022-12-14,15.610000,15.905000,14.910000,15.030000,15.030000,4081000
2022-12-15,14.700000,15.270000,14.265000,14.440000,14.440000,4555400
2022-12-16,14.400000,14.660000,13.830000,13.980000,13.980000,7973500
2022-12-19,13.810000,13.810000,13.030000,13.170000,13.170000,3645700
2022-12-20,12.990000,13.730000,12.880000,13.670000,13.670000,4563200
2022-12-21,13.750000,13.900000,13.230000,13.620000,13.620000,2984800
2022-12-22,13.340000,13.520000,13.010000,13.440000,13.440000,2348300
2022-12-23,13.350000,13.390000,12.860000,13.270000,13.270000,2094300
2022-12-27,13.090000,13.265000,12.780000,13.080000,13.080000,4165800
2022-12-28,13.080000,13.330000,12.910000,13.230000,13.230000,3084300
2022-12-29,13.500000,14.450000,13.350000,14.360000,14.360000,3509200
2022-12-30,14.020000,14.690000,14.020000,14.590000,14.590000,2717300
2023-01-03,15.010000,15.400000,14.530000,14.570000,14.570000,6335000
2023-01-04,14.860000,15.070000,14.120000,14.990000,14.990000,6131700
2023-01-05,14.550000,14.560000,13.025000,13.260000,13.260000,5835800
2023-01-06,13.290000,13.530000,12.690000,13.280000,13.280000,4148400
2023-01-09,13.520000,14.320000,13.420000,13.640000,13.640000,4277200
2023-01-10,13.460000,14.290000,13.165000,14.250000,14.250000,5765100
2023-01-11,14.430000,14.560000,14.075000,14.390000,14.390000,3551700
2023-01-12,13.290000,14.220000,13.110000,14.200000,14.200000,7638300
2023-01-13,14.210000,14.580000,14.080000,14.320000,14.320000,3934200
2023-01-17,14.320000,14.725000,13.735000,14.510000,14.510000,7228200
2023-01-18,14.600000,15.205000,13.990000,14.010000,14.010000,5523800
2023-01-19,13.790000,14.150000,13.490000,13.810000,13.810000,4415500
2023-01-20,13.970000,14.660000,13.820000,14.380000,14.380000,9246300
2023-01-23,14.200000,14.940000,13.975000,14.820000,14.820000,4246200
2023-01-24,14.950000,15.620000,14.395000,14.500000,14.500000,4430100
2023-01-25,13.980000,14.435000,13.688000,14.380000,14.380000,3932900
2023-01-26,14.830000,15.080000,14.115000,14.520000,14.520000,3313500
2023-01-27,14.380000,15.230000,14.350000,15.020000,15.020000,4925800
2023-01-30,14.880000,14.970000,14.420000,14.590000,14.590000,4497900
2023-01-31,14.710000,15.110000,14.400000,15.090000,15.090000,8411900
2023-02-01,15.090000,16.004999,14.880000,15.820000,15.820000,6179700
2023-02-02,16.500000,17.360001,16.100000,16.740000,16.740000,8258100
2023-02-03,15.980000,16.556999,15.695000,15.710000,15.710000,5079000
2023-02-06,15.400000,15.750000,15.050000,15.070000,15.070000,4617700
2023-02-07,15.120000,16.170000,14.780000,16.070000,16.070000,4926100
2023-02-08,16.309999,16.580000,15.660000,15.750000,15.750000,2650100
2023-02-09,16.030001,16.440001,15.900000,15.950000,15.950000,3210800
2023-02-10,15.660000,15.709000,15.055000,15.250000,15.250000,4669500
2023-02-13,15.410000,16.033001,15.340000,15.530000,15.530000,3991900
2023-02-14,15.270000,16.705000,15.010000,16.650000,16.650000,4694600
2023-02-15,16.639999,17.260000,16.480000,17.230000,17.230000,4395500
2023-02-16,16.740000,16.770000,16.270000,16.400000,16.400000,3418900
2023-02-17,16.290001,16.290001,15.570000,15.940000,15.940000,4379000
2023-02-21,15.320000,15.750000,15.110000,15.320000,15.320000,4286200
2023-02-22,15.560000,15.970000,15.420000,15.780000,15.780000,3852100
2023-02-23,16.010000,16.180000,15.320000,15.840000,15.840000,2559000
2023-02-24,15.430000,15.670000,15.240000,15.460000,15.460000,4124300
2023-02-27,15.660000,16.075001,15.625000,15.740000,15.740000,3038500
2023-02-28,15.750000,16.209999,15.750000,15.990000,15.990000,8755700
2023-03-01,15.990000,16.160000,15.170000,15.320000,15.320000,4082900
2023-03-02,15.110000,15.780000,15.060000,15.660000,15.660000,4666600
2023-03-03,15.820000,16.490000,15.710000,16.450001,16.450001,4991900
2023-03-06,16.440001,16.620001,15.860000,16.150000,16.150000,5190500
2023-03-07,16.139999,16.476999,15.540000,15.610000,15.610000,5626200
2023-03-08,15.910000,15.910000,15.090000,15.520000,15.520000,10092600
2023-03-09,15.370000,15.610000,14.460000,14.590000,14.590000,6645600
2023-03-10,14.480000,14.590000,13.710000,13.910000,13.910000,12188200
2023-03-13,13.760000,14.250000,13.245000,13.960000,13.960000,9927100
2023-03-14,14.020000,14.490000,13.800000,14.470000,14.470000,12823400
2023-03-15,15.500000,16.240000,15.200000,15.540000,15.540000,15607000
2023-03-16,15.650000,15.770000,15.130000,15.220000,15.220000,8489100